published_datetime,published_time,publisher,scraped_at,thumbnail_url,title,url
2025-05-18T11:49:51.657890,2 hours ago,Elton John says UK government being ‚Äòabsolute losers‚Äô over AI copyright plans,2025-05-18T13:49:51.656859,"https://encrypted-tbn0.gstatic.com/faviconV2?url=https://www.theguardian.com&client=NEWS_360&size=96&type=FAVICON&fallback_opts=TYPE,SIZE,URL",Elton John says UK government being ‚Äòabsolute losers‚Äô over AI copyright plans,https://news.google.com/read/CBMivgFBVV95cUxNS3pwYkdsbmdkUjE3dUZyTHZyS1ZGWXFLQzR4V1ZXazJ1MDJIVWZqQWNsbHh0N0Y1TWV2T1JtMmlwdVhkTVdqNEZ3UVQ0QXVJcHVQMmZMMWQzU25jaDdZeUNkTV92N0ZZMWlWOEZrYW42ZFk2WDZRdEJPR2FhYUkzN1kwbGNlLXlGcWpCYVdQYU5FdGh3T2FqSFhtdTNNUHJfenRMR1YzbERqZUNJVTJHQlVFR19CcjRHdzVOaTJ3?hl=en-US&gl=US&ceid=US%3Aen
2025-05-18T08:49:51.658882,5 hours ago,Elton John brands government 'absolute losers' over AI copyright plans,2025-05-18T13:49:51.658882,"https://encrypted-tbn2.gstatic.com/faviconV2?url=https://www.bbc.com&client=NEWS_360&size=96&type=FAVICON&fallback_opts=TYPE,SIZE,URL",Elton John brands government 'absolute losers' over AI copyright plans,https://news.google.com/read/CBMiWkFVX3lxTE10QVBMOXl5RWNteTVPLWVBTzBxcXZXOVU5UXFndk5ON2FFbnNlVmo5ZGd5czAzdjc5eDA1Q2pabV9SV1VkbU1JeG1NX3FHTFZjdS1lcGZpbHM4d9IBX0FVX3lxTE1hcGt4MHRLSUJaZnlEbjhDbE5VV1laYXZ3N1ZFUlJBaHFUQVpLSTVCNy1FZkJRYlVlRnFqa2R6N1ZfOTk4cndjUFVOV2NNaThGcHA0VVQ0c1FZQ0NPUkhZ?hl=en-US&gl=US&ceid=US%3Aen
2025-05-18T13:13:51.659882,36 minutes ago,'Criminal': Elton John condemns UK's AI copyright plans,2025-05-18T13:49:51.658882,"https://encrypted-tbn2.gstatic.com/faviconV2?url=https://www.reuters.com&client=NEWS_360&size=96&type=FAVICON&fallback_opts=TYPE,SIZE,URL",'Criminal': Elton John condemns UK's AI copyright plans,https://news.google.com/read/CBMirwFBVV95cUxPczFEWGlSVlhyZFNGUHdTakF0dkRCOW9aYm1jV29tWlZRVVl0OVo1cGg0VEp3TXN5SmlUUDFlczliT2NvVTRINl9NdlM2blA1Q3lvd29YdTl6YnZMb25Ra2RYX3V1OXRoLXk4T1E5VmM0RDdDUy1wZWpqdDdWcVpJWDdEdkFha2I0VG02R2Z5a3dUU3RuVXg5NTRLeVdZQUYyQmR6VHIzZE5GQUJiakpz?hl=en-US&gl=US&ceid=US%3Aen
2025-05-17T15:49:51.661678,22 hours ago,"Nvidia CEO: If I were a student today, here's how I'd use AI to do my job better‚Äîit ‚Äòdoesn‚Äôt matter‚Äô the profession",2025-05-18T13:49:51.659882,"https://encrypted-tbn0.gstatic.com/faviconV2?url=https://www.cnbc.com&client=NEWS_360&size=96&type=FAVICON&fallback_opts=TYPE,SIZE,URL","Nvidia CEO: If I were a student today, here's how I'd use AI to do my job better‚Äîit ‚Äòdoesn‚Äôt matter‚Äô the profession",https://news.google.com/read/CBMirgFBVV95cUxOaHhRWEhzR0xKamlOa285bFptVkQyQ3VOcGh4R21vVTd5dDJfUldLUU5KX3B3YXJtUFU3N1NUZTNUbGw3elZTY0pmOFNjSUpLWUw2UkJJU3QzRXlhNm81VGUyQ2pIaW9jYkVoMjlBaktFakNzTThXYV9BbkY4UEpZOHhaUWVsOXRWU0FlaUZlMlNra0hZWGp3ZEo5YkFlM2xhdzdkcjdpeGxfVkNycWfSAbMBQVVfeXFMTzJwT3RQRzZhS19KMUM5b2tudTNWbHluX0tUVWRTNk55V2pGWGxJam9uVzNjUTNVYW5uNF9FWVp5SHh5d3BOZ2VkTDdTQ1FweFI2WllFZUx4anR0a1Z3M212aENNRzNzemxSZXkybWFsWlI4eEdhUHpZZmoyTGtnWno5SkVKMXRGaGRkS01UTy1iLWUzN0xIUTExM2VrY29ZRGNWTlRndkJEWXlWZDRUb0l3MEE?hl=en-US&gl=US&ceid=US%3Aen
2025-05-18T13:00:51.662683,49 minutes ago,Can we save ourselves from the dark side of AI?,2025-05-18T13:49:51.661678,"https://encrypted-tbn2.gstatic.com/faviconV2?url=https://thehill.com&client=NEWS_360&size=96&type=FAVICON&fallback_opts=TYPE,SIZE,URL",Can we save ourselves from the dark side of AI?,https://news.google.com/read/CBMifEFVX3lxTE9QS05CdG5fdThwMjh5YjBpYUFoUC1rMG5vUVNoR3BYWDdQUlBvY1B0eUx6Nkdmei1wd3pLQ2lsWURiSFVhUnVVY3lPRmxmR0hlcHVya0o5bWVnQk9JMkNCTlZIVHR6U3BqQ3QtWFc5TDJ4WWJsVEdtcHlUNjDSAYIBQVVfeXFMT1NyQTdqQ0ItX1QyRjUzZjEtYy1yWTEtYWFOT0cxLWlJWFBBc2ZLWXZqRDdLdnNtSTFwaGx5Y1VudE9BTWk4NTVhc2VQUTZESkg5ZlB3c2pIWjFfeTJJei12OHdzaW5ObmpneV9WSnBEZGFaNWQ2QnBRUkFfTW0xTlZwUQ?hl=en-US&gl=US&ceid=US%3Aen
2025-05-18T13:03:51.663676,46 minutes ago,AI study finds 'no significant impact on earnings or recorded hours',2025-05-18T13:49:51.662683,"https://encrypted-tbn3.gstatic.com/faviconV2?url=https://fortune.com&client=NEWS_360&size=96&type=FAVICON&fallback_opts=TYPE,SIZE,URL",AI study finds 'no significant impact on earnings or recorded hours',https://news.google.com/read/CBMimAFBVV95cUxQem1INlFsTEZmZHhiU1F0YUl5bjRIS29BSzc2UDBwY0ZPLTJnbWF3bGtrTmRYeEVZakFJT2Z1UHNxU1NlaTg3dUgtZmtmaV9yejlMWk0wdF9xVHk1ZHVMSFpicVVNaDR6OVZEcWp1Sldzbk44VS1EbGZmMF9XNGtuRGZLNHhFdlpEanQxWU9Wd2F1MkN1bE1yZA?hl=en-US&gl=US&ceid=US%3Aen
2025-05-16T13:49:51.664681,2 days ago,MIT Says It No Longer Stands Behind Student‚Äôs AI Research Paper,2025-05-18T13:49:51.663676,"https://encrypted-tbn1.gstatic.com/faviconV2?url=https://www.wsj.com&client=NEWS_360&size=96&type=FAVICON&fallback_opts=TYPE,SIZE,URL",MIT Says It No Longer Stands Behind Student‚Äôs AI Research Paper,https://news.google.com/read/CBMioAFBVV95cUxQLUtfcUpnMlZFRjk4OWFhWkJDcDlWWmFjRS1oMGMtWEFORlk2YUt6dENYNFNGMXd4WXFiQ2ZkNndNOWo2bTBOeDlOWFR3YWt5QlNmeGU4R0wyMkR0VU9HU1VROEd1TmVPR19Cd2V2djR1SV9fcDk1UWJoZXBka1V5Vkgzd21nT25mU0pjV1BUVDdZSjB5SEJqNFdQQy1xUEps?hl=en-US&gl=US&ceid=US%3Aen
2025-05-18T11:49:51.665678,2 hours ago,AI breakthrough allows doctors to 'see' dangerous blood clots forming,2025-05-18T13:49:51.664681,"https://encrypted-tbn3.gstatic.com/faviconV2?url=https://www.foxnews.com&client=NEWS_360&size=96&type=FAVICON&fallback_opts=TYPE,SIZE,URL",AI breakthrough allows doctors to 'see' dangerous blood clots forming,https://news.google.com/read/CBMimwFBVV95cUxOQS1QaXpTVE93TXpreXpkbGI2bWRRdnZlV3ZwN3VWNlJPVnBBSjZMeklUY2RrYVEtTF84ZFBBZnV1MF9hOGh1TThyQnRVMmR5WnJaWklvM01zU2JKSFoyWWJ1Qno0WHZwclljMGJXSUUtWEE1TEVBY3FuaU1DNzBPaXdiQzViMnBJaHpoekZFVkpoWkJmSEJBRjFwONIBoAFBVV95cUxQWWFKalhUZTVsR0tQalEwLUk3V0ZObmt5ak9MQXhPdlk5cjFGNGtmZ3NLWUhrUUVOajBLLXNCLUFfOUNweWZCQ3RhcVJleVlqREdzRTExRTM5Z1pUbHlDWS04NC1POTRkQWRYVVhCUEtFRFF4RWlFZzNfWTVwQnpxUFJ4aE16blJya2padHhxZF8zUXYxS0l2MjNMd1FtQ3py?hl=en-US&gl=US&ceid=US%3Aen
Yesterday,Yesterday,How Students Are Fending Off Accusations That They Used A.I. to Cheat,2025-05-18T13:49:51.665678,"https://encrypted-tbn2.gstatic.com/faviconV2?url=https://www.nytimes.com&client=NEWS_360&size=96&type=FAVICON&fallback_opts=TYPE,SIZE,URL",How Students Are Fending Off Accusations That They Used A.I. to Cheat,https://news.google.com/read/CBMiiwFBVV95cUxPQ3lGVF9Id1lzdjR6cWQ3dFZDdU1HRXFwMU1SWWpxWHpKaGtuUkRMQ25Db18yQWphV21EV0p6V2t0aUVneVdCZHdGTUxfX3A2UFdFaUNIVHh3YnJSNXVid0V6a0tqeHVOTUpLVDU4RnRpTGl1VHc1S1VPOUtfNVRxS0JIVVN3UUdoZlJZ?hl=en-US&gl=US&ceid=US%3Aen
Yesterday,Yesterday,The AI Hiring Pause Is Officially Here,2025-05-18T13:49:51.666677,"https://encrypted-tbn1.gstatic.com/faviconV2?url=https://www.bloomberg.com&client=NEWS_360&size=96&type=FAVICON&fallback_opts=TYPE,SIZE,URL",The AI Hiring Pause Is Officially Here,https://news.google.com/read/CBMipAFBVV95cUxORE1LQ3ZKNV9ZVDRfT19ZeUdsTjZadlM4OVltUVBlRm9ubDZRc09xVTFvLXBSUllaNG9rYk1VdVpzcFlqR0Z3aGViMURvcjFzY1FQVVlkZlNLTUlMUUpiQkladDBicGpKRlY4cndCNk5VbUtCUl9DMms0WTNsUHlfaFBvSkJ6NDZlZU5WSmxDNjBBSVBwSWpYaTlQZUxlcVR4VVlUVQ?hl=en-US&gl=US&ceid=US%3Aen
2025-05-18T09:49:51.668676,4 hours ago,‚ÄòWorld champion of appropriation‚Äô Grayson Perry says he isn‚Äôt bothered by AI using his work,2025-05-18T13:49:51.667677,"https://encrypted-tbn0.gstatic.com/faviconV2?url=https://www.theguardian.com&client=NEWS_360&size=96&type=FAVICON&fallback_opts=TYPE,SIZE,URL",‚ÄòWorld champion of appropriation‚Äô Grayson Perry says he isn‚Äôt bothered by AI using his work,https://news.google.com/read/CBMi2AFBVV95cUxNYjFUMnBodVZ4ZWt4c1JNQU9mZmxRUGlGMFRHbDJLWWpCa0owRllGaDFpQnlOdHBIY0RFTzZSaDhtZG1ocjE2M194ZFJLVkp4WVctOWRHRXZtcWctRzNTQzMwVFFwU0lRa19XN1JiMWtDcFA0NzNnTFR2R0ZGMk9pdlVwcFJqRHlvRGwxczFuZC1PemxUWU9iMVNrWW9ZbGk4WUJCc3RrR0YybjdqWXpGZnhvZUVoLTZHRHExblBXd2d5VnBfWkVsRmRYcm1zSXFLQzJVdlpIWFg?hl=en-US&gl=US&ceid=US%3Aen
2025-05-17T15:49:51.669677,22 hours ago,China‚Äôs next-gen surveillance tools get AI boost to target Telegram or VPN users,2025-05-18T13:49:51.668676,"https://encrypted-tbn1.gstatic.com/faviconV2?url=https://www.scmp.com&client=NEWS_360&size=96&type=FAVICON&fallback_opts=TYPE,SIZE,URL",China‚Äôs next-gen surveillance tools get AI boost to target Telegram or VPN users,https://news.google.com/read/CBMizwFBVV95cUxNQ044ZWxCMkdzQkhMVFZwWU5lcC1MZ2RtemJ0Yy1zcElDWWRHcTVyS2RMaWFZNEZIT25wZDM3RHY0V09OMnRMb01XbXNfdGRBMzhUUU51N0xHQ0ZEbWdjODFSVWhkVzltVVZVeUtqR2twdmlUVy05Sk02OF93ZnZYWHhFXzRMTTNXVlhacWVDbzVpeml4RUFXWjdBLU1wZU03SE5wd281WjJ4M0liczJnMmhkZkJ1U21ZdGFBSlhYa28yYmdiZGJlSmJNOFlzZk3SAc8BQVVfeXFMTkZNRVl0SHRTSVNGdWhId3g1d1NDZ0x3bnExY0VKd2I3VFZELTRDSlJpYjZ5a2pDQXJNUHFwTDJrV1U2Sm9vY2gwZjVUWTh4djZZVkNmVmhuZWJ4NHZrNnhSa1VyRmZaa2ROb3JDcW1tWTJ4Zl9GQUQtNTN5c2RnVGY2VnBIalBoSTllZUdZZTc0ZHhlOG5BeURhSjBfZTNIVWpPQ3dMazRPOHNhNl9Xa3NxMEoxQ2tfcWl4bHgzQk5ZZ3BGdnBIVG5mNWxWZ1pv?hl=en-US&gl=US&ceid=US%3Aen
2025-05-17T21:49:51.670677,16 hours ago,MIT disavows doctoral student paper on AI‚Äôs productivity benefits,2025-05-18T13:49:51.669677,"https://encrypted-tbn1.gstatic.com/faviconV2?url=https://techcrunch.com&client=NEWS_360&size=96&type=FAVICON&fallback_opts=TYPE,SIZE,URL",MIT disavows doctoral student paper on AI‚Äôs productivity benefits,https://news.google.com/read/CBMioAFBVV95cUxNTDNQNktVM01FZEo4Z0xpU1ktX0trN1RZb3lxNWZsTXR2TjgtT0lTeGxpa1BkVEFaWVNEaXF2TjRxREJhd2RJVlcxQVdzdGFyMlMyQWtYeDdiNnUtd25NRjZWT0VOVWk0UEpKZTZfZTJTRWMxVGFJaV9tMjFRaHpKOEhlOGY2SmdzYXk4b0lNc1NwNEVRRnpOcW1FMVppczB4?hl=en-US&gl=US&ceid=US%3Aen
2025-05-18T12:49:51.671689,1 hour ago,Move over SEO: How AI is rewriting the rules of digital marketing | Opinion,2025-05-18T13:49:51.670677,"https://encrypted-tbn3.gstatic.com/faviconV2?url=http://www.theleafchronicle.com&client=NEWS_360&size=96&type=FAVICON&fallback_opts=TYPE,SIZE,URL",Move over SEO: How AI is rewriting the rules of digital marketing | Opinion,https://news.google.com/read/CBMisgFBVV95cUxOUTFOdGo1Y2ZYOEtORTZtNHA0ZnpfNWF1cUZDM3pBZlB0SlcxN0lsR2tRUFhwV21tZ3pkYi1FOXE5WEtwNVZsZkw4eWJwMllvM2VKY2dhMWJnWmVLSl8tRHZsODlvc0RTUE9WZ0NjcE9RMUR3V2RZeWQ3SHA4T1FieE9PRXJ6WHBPWWxtRXhGc0lUdXNLUmpwbGlkODNwVHlYWXBuYUVVV2l0bU42ODZ3WlNn?hl=en-US&gl=US&ceid=US%3Aen
2025-05-18T12:49:51.672678,1 hour ago,NIH researchers develop custom AI to enhance images of RPE cells,2025-05-18T13:49:51.671689,"https://encrypted-tbn1.gstatic.com/faviconV2?url=https://www.ophthalmologytimes.com&client=NEWS_360&size=96&type=FAVICON&fallback_opts=TYPE,SIZE,URL",NIH researchers develop custom AI to enhance images of RPE cells,https://news.google.com/read/CBMipwFBVV95cUxOUEJrZzhSWnRtcVNTOUhlLUdyX2R2bV9NRU5WandqZFAxMFhra3lxM3BsS3VHdVhEX3N0YzdMV1lfWm1odV9naTZQSXp3WG00MkhZMlF4a0plS1RvWGtzWlN3QmN3aFdNTTU0UGZOcHpIUy01eXMzejVBR3dtZ21CMm05Q2Z5S1ZsY291dEFiZWJQTDJlUFN6elB3RGlkbXVxbDdxQ2plUQ?hl=en-US&gl=US&ceid=US%3Aen
2025-05-18T11:49:51.673677,2 hours ago,AI Chatbots Are Becoming Even Worse At Summarizing Data,2025-05-18T13:49:51.672678,"https://encrypted-tbn3.gstatic.com/faviconV2?url=https://futurism.com&client=NEWS_360&size=96&type=FAVICON&fallback_opts=TYPE,SIZE,URL",AI Chatbots Are Becoming Even Worse At Summarizing Data,https://news.google.com/read/CBMiY0FVX3lxTFBvS0IwRzI0VHYtZ1RYdXo3di1ZOXV0QjBwdmh6VVBPaUg2SmNsV1hrQ3pvdC1SQU5ZZG51cW8zNS1LSEtFaUxSMndvTjhhQVdsVTRRMFBFRnZtaUtQOVpBM3dyZw?hl=en-US&gl=US&ceid=US%3Aen
2025-05-18T08:49:51.674677,5 hours ago,OpenAI Codex: Transforming Software Development with AI Agents,2025-05-18T13:49:51.673677,"https://encrypted-tbn0.gstatic.com/faviconV2?url=https://devops.com&client=NEWS_360&size=96&type=FAVICON&fallback_opts=TYPE,SIZE,URL",OpenAI Codex: Transforming Software Development with AI Agents,https://news.google.com/read/CBMiiAFBVV95cUxNNTdWZFhpNWJZVUpmVjU2TV9PSF9aS0x5MHNfdTRRTlRGM1BNVDBEU1lqdm12SnNsVzVsXzdFQXpkSXptOENPNnk0QnB1SHE3R1ItYTd4VlkwNTVQZkZsMFRDQS1nTFY3VnlqQVNEc0RfcjhFanhLbHduT0s1c0JyTnVWWnhtbThY?hl=en-US&gl=US&ceid=US%3Aen
2025-05-18T12:49:51.675677,1 hour ago,"He lost his job to AI. Now, he has advice on how to be ready for the coming wave.",2025-05-18T13:49:51.674677,"https://encrypted-tbn3.gstatic.com/faviconV2?url=https://www.businessinsider.com&client=NEWS_360&size=96&type=FAVICON&fallback_opts=TYPE,SIZE,URL","He lost his job to AI. Now, he has advice on how to be ready for the coming wave.",https://news.google.com/read/CBMijwFBVV95cUxPNFhCWHgtdXhxdU1obHJ4NWE2WFJEM09oZDZkSVptcnktNE04bDNLUW1sNFhWc2VhNVlFVFk1Y1JxSkZhcVJBWlJKT0JCMUtUWHlubEZQTkVWb2tjYjV6NE9YRk1QWng5dFZSQTJZeHhWNHkwWTlMV2FhX3dDSkpMLUZkTDE1TWkxU3FGYmFsUQ?hl=en-US&gl=US&ceid=US%3Aen
2025-05-18T10:49:51.675677,3 hours ago,Y Combinator‚Äôs AI Revolution And The Rise Startups Built By Vibe Coding,2025-05-18T13:49:51.675677,"https://encrypted-tbn2.gstatic.com/faviconV2?url=https://www.forbes.com&client=NEWS_360&size=96&type=FAVICON&fallback_opts=TYPE,SIZE,URL",Y Combinator‚Äôs AI Revolution And The Rise Startups Built By Vibe Coding,https://news.google.com/read/CBMiwAFBVV95cUxOX0M4NEFNTWhFSzFPeHRsNXQwc2ladWs0WDdiUlRKSUhiZzRHaG9OakdkdDVuTC0yaVozWUh4aVlGTjg4S2g2RV9hMzNXVHViNk1vNXRMZVRfa3pQRXAxVmlia2lGTVhQZHBqZnoxbkJwaVpKMThBUGlrdlZoaEZSczBfT0FMaV85TjZkX0ZDZk16ZGpBUFZPRUV2R2xub3Q5QllhY2ZDaHYyUlB1ZTY0bmtaOV9aVU9KUWNqNTV6bWo?hl=en-US&gl=US&ceid=US%3Aen
2025-05-18T12:49:51.676676,1 hour ago,FBI warns against AI-powered text scams,2025-05-18T13:49:51.676676,"https://encrypted-tbn3.gstatic.com/faviconV2?url=https://dig.watch&client=NEWS_360&size=96&type=FAVICON&fallback_opts=TYPE,SIZE,URL",FBI warns against AI-powered text scams,https://news.google.com/read/CBMic0FVX3lxTE96SEp4NHhVcVF6NFdCU2d3eTQ0X3U2MXdpOUQzaG41WTdXQTNxNUpmamh6aUdjNVpDYzVvbHM3bGhsZEVJT1RjWTRsNUJwUVN6YkVDNDRaZndzeVZJajN3TmFnemphR0JTN1pIZkI5M3Q1VU0?hl=en-US&gl=US&ceid=US%3Aen
Yesterday,Yesterday,Apple‚Äôs Alibaba A.I. Deal Provokes Washington‚Äôs Resistance,2025-05-18T13:49:51.677677,"https://encrypted-tbn2.gstatic.com/faviconV2?url=https://www.nytimes.com&client=NEWS_360&size=96&type=FAVICON&fallback_opts=TYPE,SIZE,URL",Apple‚Äôs Alibaba A.I. Deal Provokes Washington‚Äôs Resistance,https://news.google.com/read/CBMihAFBVV95cUxOVVdRcV95S2dOV2ltNk1DYkNwdWJ6cEhtN3o2ZVBlRU9mYWRlcDNzRWdxeFpoM19YVzRFZS0xZkphbW5BMUR0Sm9lWFhhcnpDLWZ5TW9JaW9OY3VaQjBJbGlYWEhadms3bmx1dUVTNVRIXy1VcWNQZkVtMzc2LUdNZGgtb1k?hl=en-US&gl=US&ceid=US%3Aen
2025-05-18T12:49:51.678677,1 hour ago,Could AI help elderly people and refugees reconstruct unrecorded pasts?,2025-05-18T13:49:51.678677,"https://encrypted-tbn0.gstatic.com/faviconV2?url=https://www.aljazeera.com&client=NEWS_360&size=96&type=FAVICON&fallback_opts=TYPE,SIZE,URL",Could AI help elderly people and refugees reconstruct unrecorded pasts?,https://news.google.com/read/CBMivgFBVV95cUxQVFRMbXZWV2h6V1o4cWpES2J4NHR1ZXU2a2lLMWFzU0Zic2NPc1dBWGlIRmVZSXVGUUJhU19CTzhBU1pnUU9ZQlA5Qk1Md1dMQzZwMkpHbFhuZ0xWemFRVFZzcVBhc050a3Z0eHgySGY3UVBKb1U2MTY2SE4xbFVWWnBrVU9BZWd1SGp3THlYSU1lTVI0bDNyZ3draVB1THJ4RmxmSkxCTW1vTHM4VXRKY19QVU5HZU01b0FHWVZn0gHDAUFVX3lxTE12YkZtalFTanB6ZTFpS1FDQXpMZGRSYWNxOG9WNFZ0RXA3VkNMVlVuREU0X1hRUjRxZ1c4ajJwdVI3NzFZeXQ2QzJxTzV1T2dwZHo3Z3FGV0E1b28tTU9HTmp0aXR1aG03S3ktY3VTREFGZk9ydFpKaFAwT0wxbFpiRlFRQ2ttVmFoZ2R3OXE5a19aWXBUQ0w0dXR6a3I0RXFZZkJYallUQVRaZktNMFllV2dudHRyZDBHVS1pMHZ2YzdSaw?hl=en-US&gl=US&ceid=US%3Aen
2025-05-18T09:49:51.679676,4 hours ago,Don‚Äôt embarrass yourself in your next AI conversation,2025-05-18T13:49:51.679676,"https://encrypted-tbn0.gstatic.com/faviconV2?url=https://www.komando.com&client=NEWS_360&size=96&type=FAVICON&fallback_opts=TYPE,SIZE,URL",Don‚Äôt embarrass yourself in your next AI conversation,https://news.google.com/read/CBMiSkFVX3lxTFB2NEJidFYtZ29hbi1Nb2hjdXFxeTViN01PTUpBYUFYTnBleWFNZWxnWUs1Q2I1dXE5ZGdOMU1zamtEb1VqSEtFbk9B?hl=en-US&gl=US&ceid=US%3Aen
2025-05-18T13:40:51.680806,9 minutes ago,"I tried Motorola Next Move, and it‚Äôs unlike any other AI feature I‚Äôve used",2025-05-18T13:49:51.679676,"https://encrypted-tbn3.gstatic.com/faviconV2?url=https://www.androidauthority.com&client=NEWS_360&size=96&type=FAVICON&fallback_opts=TYPE,SIZE,URL","I tried Motorola Next Move, and it‚Äôs unlike any other AI feature I‚Äôve used",https://news.google.com/read/CBMiekFVX3lxTFB6X1FNOHJhX3lHeG5MNmJQazdxalhOZ3pwVWtZLVpfNkFyaXFZQ3ZDN1JUeFllS3dVOEtEZE14R05NZEVyVE9QWXBrVl9ZZEJnOEhtMmlrQTZfbV9fbV9aRUVCeUJJU2hyNjZFOUJGcVd6T1dNRHVjR0x3?hl=en-US&gl=US&ceid=US%3Aen
2025-05-18T12:49:51.681784,1 hour ago,13 jobs that don't require a college degree -- and won't be replaced by AI,2025-05-18T13:49:51.680806,"https://encrypted-tbn0.gstatic.com/faviconV2?url=https://www.usatoday.com&client=NEWS_360&size=96&type=FAVICON&fallback_opts=TYPE,SIZE,URL",13 jobs that don't require a college degree -- and won't be replaced by AI,https://news.google.com/read/CBMipgFBVV95cUxNcVZkZHp6WE1fTVB5a3Zkdnc1c3hta21QMFJLanpGSThWcWFYc2hLcDY1YnoxMTRYbnotN0h5OExkWUlycFJLTUtod3FuVG5tYnh5Q0Y4MGFVLS15NHRLclJWRFRZTkhJcjR4cmQxeGZSeHA0SzUwWEZ4N3c5VWZpbUxDLXJRTHluVUtvVE9Jc2RYQ0haVVRleXFXR0cwNm5oVC1sQnR3?hl=en-US&gl=US&ceid=US%3Aen
2025-05-18T07:49:51.681784,6 hours ago,Feeding the future: Experts on AI‚Äôs role in agriculture and food systems,2025-05-18T13:49:51.681784,"https://encrypted-tbn0.gstatic.com/faviconV2?url=https://www.cnbc.com&client=NEWS_360&size=96&type=FAVICON&fallback_opts=TYPE,SIZE,URL",Feeding the future: Experts on AI‚Äôs role in agriculture and food systems,https://news.google.com/read/CBMipAFBVV95cUxPdDh4SHc1X0NXZW91dUZXTmF4eXdseldpaEdLTGcyTm9zTEdqQVBodm5aWWhVMHhVbUlINlo5SE5temprU3lhTlFiU3QtOU5ZQllhanFVV19SVUl0bFNMN0Vid2J0SXZ6ODdZdW9rMXJlb0ZLSGs3ZFNnZHE0X2ZqWHd1ZE5NNVN4bV9ieG13aDRGcE54VEhhSUVrM0U5WkxYVnNRSw?hl=en-US&gl=US&ceid=US%3Aen
2025-05-18T12:49:51.682906,1 hour ago,Sir Elton John 'very angry' over AI plans,2025-05-18T13:49:51.682906,"https://encrypted-tbn2.gstatic.com/faviconV2?url=https://www.bbc.com&client=NEWS_360&size=96&type=FAVICON&fallback_opts=TYPE,SIZE,URL",Sir Elton John 'very angry' over AI plans,https://news.google.com/read/CBMiV0FVX3lxTE5IenVmZVVNZ3ZVdEEyTTJiNU1JQl9lVFUwUjJhWlVnaXdIQXVSb1dld1J1TVlDSjdaWVdiVjA1Y1RleUV0ZG1pNnpfV2ZlLUZVZVFEay1BVQ?hl=en-US&gl=US&ceid=US%3Aen
2025-05-18T07:49:51.683694,6 hours ago,"Microsoft's fired AI director to 6,000 laid off employees along with her: 'These are people who‚Ä¶'",2025-05-18T13:49:51.683694,"https://encrypted-tbn2.gstatic.com/faviconV2?url=https://timesofindia.indiatimes.com&client=NEWS_360&size=96&type=FAVICON&fallback_opts=TYPE,SIZE,URL","Microsoft's fired AI director to 6,000 laid off employees along with her: 'These are people who‚Ä¶'",https://news.google.com/read/CBMi9wFBVV95cUxORUlxSVI1VEdVSFJ6TVVXRE5yVmFBdVRfV2FsTWZTUHpGNFkwVXlEN25nZWlWRG5DZF9Zd19wX1ZqbFZlaWdhMmZFbTlZeVE4OThSNWRQZlRsWGJuVV9xQkZBUnQ2eVV4UkpkdHBTTVJSWThQQ1B0SkZFYlhFVUxhQjJYLVFKSGNoOWJhM0NFZzZpOG83b1dTZXlCWlVWX0MtZ1MydGFDU2k1RTBTb2V0NmdKRnFnakJ6SDZlZ25CaXV4ZDQyWVRXZ3dYYWNyZTVZTHdoMHZLWTBKbVVYZ2ViRlZ3OTI4ejR2QldfaF85WXA2cmZnUmVN0gH8AUFVX3lxTFBmRDBzWFZUaEozTHYtZEoya2t1OHAtZ1NlOTJZM0l6aWdfUmc3QUVGemdSaGlsRXBCaURaWDQ4V1hjcFVUekZlSDMtUkc3YTZ2VlFWWDM0OW9QZXF4RTNlcWFrTFg2VTNSaHZla0hPUUVGdVZpYUNrQkZyYk9lcl9wMlZBMFhBZVNNTkkyZnNpNzdHd0hORmk0MjVOSjdzZVJyUjFES1NMOUZDR3ctd2p1Q2F3bG5SNW42ZFVPOThaX185NEVjdTRZRWxQTzRWLTJxdnJHYzFJaFE5RExEOFJtN0FnUnhDaTYzQmlqSHRuaW42R3JISTUtSjNjWg?hl=en-US&gl=US&ceid=US%3Aen
2025-05-16T13:49:51.685676,2 days ago,"Introducing Strands Agents, an Open Source AI Agents SDK",2025-05-18T13:49:51.683694,"https://encrypted-tbn0.gstatic.com/faviconV2?url=https://aws.amazon.com&client=NEWS_360&size=96&type=FAVICON&fallback_opts=TYPE,SIZE,URL","Introducing Strands Agents, an Open Source AI Agents SDK",https://news.google.com/read/CBMinAFBVV95cUxPWFUwU3BtR2xhd09KYjZId05lWmNVbHJEd3RIOUxRRHlDV2gzeklpNWwyYmVrQXhCcWdMM09UWi1fZ2VuNHZZd2xYeEI4a2xENlVVYUdObEgybVNld09vczdzU0JBb19SZzFSWE9zbnBBMG1iQTNXYkFHRjU0aThXTEpGdS1YMVo2TkNiOTFaeXpoR3QtdjlReHFxRFI?hl=en-US&gl=US&ceid=US%3Aen
2025-05-18T11:49:51.686677,2 hours ago,32.9% of Warren Buffett's $286 Billion Portfolio Is Invested in 3 Artificial Intelligence (AI) Stocks,2025-05-18T13:49:51.685676,"https://encrypted-tbn2.gstatic.com/faviconV2?url=https://www.fool.com&client=NEWS_360&size=96&type=FAVICON&fallback_opts=TYPE,SIZE,URL",32.9% of Warren Buffett's $286 Billion Portfolio Is Invested in 3 Artificial Intelligence (AI) Stocks,https://news.google.com/read/CBMikgFBVV95cUxQVTIwXzhJS0xxNUJxSUZ1RW9sOVpKZ3A4VmY0SW5CQ0dmbVdwSjdub21pdDJwMnVjZ1pLQzZvRmpVMmZKaTdBNHdxR2J5OVBtWmxtbGxTZ0ZBX3RkcGFsVTdEeWpYWFVyM3oxUFRVNGxwSGhoXzY2aTJaT1FwcmswcG95UGNuWVdxeTFQRmpBRW94Zw?hl=en-US&gl=US&ceid=US%3Aen
2025-05-16T13:49:51.686677,2 days ago,"No, Graduates: AI Hasn't Ended Your Career Before It Starts",2025-05-18T13:49:51.686677,"https://encrypted-tbn2.gstatic.com/faviconV2?url=https://www.wired.com&client=NEWS_360&size=96&type=FAVICON&fallback_opts=TYPE,SIZE,URL","No, Graduates: AI Hasn't Ended Your Career Before It Starts",https://news.google.com/read/CBMiigFBVV95cUxNNWduREM4YnNlNU5IT1RoVHNlY3A2M1dINEZEekxrN0xHWlhPUC1GcDUxVk9ZZUNCS0FEVDBwLUhLSVNXRFJkLVNxRWhmY0J4R0FueXh6ekhlS05aNFBRV2UyT3JSajNhRnMwOWdWMlRJRGtNR0QxZUx1aHpRVFc1RmpQX1RXUDBjWUE?hl=en-US&gl=US&ceid=US%3Aen
2025-05-18T10:49:51.688677,3 hours ago,MCP Blender Addon Lets AI Take The Wheel And Wield The Tools,2025-05-18T13:49:51.687676,"https://encrypted-tbn2.gstatic.com/faviconV2?url=https://hackaday.com&client=NEWS_360&size=96&type=FAVICON&fallback_opts=TYPE,SIZE,URL",MCP Blender Addon Lets AI Take The Wheel And Wield The Tools,https://news.google.com/read/CBMimAFBVV95cUxNcl9xaFE4VTQ3T3BjeVVzSjJ4RjB0UXJEOFhuQ1pkcTlBNTdla0RFQzNTdDVWMTdTaTM2MUwwZldLcGF5UEpZTjZobUs2bmstSi1NWVlFVktXbmZRTVdLb1k1YnZzajJQUjg5dlBHVy0yZUFzTEN6Q0xwc3RfMXFQeFlNSmdIbzYzTmJIc3M5ZWRTcndabjBDRg?hl=en-US&gl=US&ceid=US%3Aen
2025-05-15T13:49:51.689680,3 days ago,"New AI and accessibility updates across Android, Chrome and more",2025-05-18T13:49:51.689680,"https://encrypted-tbn1.gstatic.com/faviconV2?url=https://blog.google&client=NEWS_360&size=96&type=FAVICON&fallback_opts=TYPE,SIZE,URL","New AI and accessibility updates across Android, Chrome and more",https://news.google.com/read/CBMiiwFBVV95cUxQRGwwNEZUMnJrcERUNFgxdzlXeDhtemZGaXBwWVVjVFJzeXRUR29Tc3hEb3FMZzBmdW9DU0pETUVZeG5NOVBja3lmMGkxRzY5MGlEd3lrcWUwaUFnYW9TZTBzbS1IREI0bndhUmtUeXp5RHdxUTk1bGRvZWJXWVR3TmVESG9hanRPaEJn?hl=en-US&gl=US&ceid=US%3Aen
2025-05-18T13:33:51.690679,16 minutes ago,"üñ•Ô∏è To survive Gen AI in the workplace, become a learning athlete",2025-05-18T13:49:51.689680,"https://encrypted-tbn2.gstatic.com/faviconV2?url=https://www.clickorlando.com&client=NEWS_360&size=96&type=FAVICON&fallback_opts=TYPE,SIZE,URL","üñ•Ô∏è To survive Gen AI in the workplace, become a learning athlete",https://news.google.com/read/CBMisgFBVV95cUxOdEs0NjFhbERsNlhrMkNBU0ZhTlplZk9BS19RWGxENXdSWTEwWHFrREMzSHVLYXlmaDRYU1pBdm5kVTZCYW01YzV5SHRKMnBZWkFaejJnM1ZoeHZfeTkzYnJFcl8weGxSa0RKRWFBM0VQS0h6Q3JXQ0NWbDlObFd1c0I1aGp1SU0zd3FUY2MtYlpkUEJSdFhrMkdBbmh1dlBiY0c4Z19acm12Qk9fVV9OcFJB?hl=en-US&gl=US&ceid=US%3Aen
2025-05-17T17:49:51.691677,20 hours ago,Y Combinator startup Firecrawl is ready to pay $1M to hire three AI agents as employees,2025-05-18T13:49:51.690679,"https://encrypted-tbn1.gstatic.com/faviconV2?url=https://techcrunch.com&client=NEWS_360&size=96&type=FAVICON&fallback_opts=TYPE,SIZE,URL",Y Combinator startup Firecrawl is ready to pay $1M to hire three AI agents as employees,https://news.google.com/read/CBMivgFBVV95cUxNNXRaOEFfa2xocjcyTW5DQl9JZjh1X2tFd2ZGbTlSWkN0NWxhbVVUeFpnai1DME91QmZiajVQU0hyWkxaR3dOQ0V0WEMzMlZHR1RDUW8wYi1rRnRYSlk2ZDZrUkJLdWY2SUVfc0NndmtGNW43blRTUDNfUzAzMW5fWDRPQXNEaUJQOThGakJscmJybE9IRTdiN0VMYXJmbDF1ZFhZa2tQdUxnRjZScklCc1pDNG05eWhFQkNHQ3BB?hl=en-US&gl=US&ceid=US%3Aen
2025-05-18T12:49:51.692677,1 hour ago,Students with disabilities see AI as a game-changing tool but schools are slow learning how to harness it,2025-05-18T13:49:51.691677,"https://encrypted-tbn0.gstatic.com/faviconV2?url=https://www.milwaukeeindependent.com&client=NEWS_360&size=96&type=FAVICON&fallback_opts=TYPE,SIZE,URL",Students with disabilities see AI as a game-changing tool but schools are slow learning how to harness it,https://news.google.com/read/CBMiwgFBVV95cUxPVlFJamhDNERFMmVpN3VxeWxlTV9tYk1YVTN2LUI2NGJjQkdFOGV1VzFSVDZmdDdqQkFJWGxXT191VWluRnhrbkFheVNaTEgyQ3RaZDdaZmo1bzZtbFBMdVljQ2FXVnVzbEpiQWZWTzQ4VWpSQTlQaFJlamw2VnVxeVYyRjNqNmx1bmpjRVZTRW1Jam04ZkdvTHdxVVdJc3BZWkhzc0pWa0VtOXZveUNvN0tMTWpTVDFlWjYwby1mYS1GZw?hl=en-US&gl=US&ceid=US%3Aen
2025-05-18T06:49:51.693799,7 hours ago,Trading bots are evolving: What happens when AI cheats the market?,2025-05-18T13:49:51.693799,"https://encrypted-tbn3.gstatic.com/faviconV2?url=https://www.euronews.com&client=NEWS_360&size=96&type=FAVICON&fallback_opts=TYPE,SIZE,URL",Trading bots are evolving: What happens when AI cheats the market?,https://news.google.com/read/CBMirgFBVV95cUxOUS05aWtObkQ3TjgyYVJZMm5Ea3BzQjRubVVQcjdIclVpUUVqZmFxWE9VQWlkM2FHMFdPUmJFZFFnX2xTU0pfZmdaajFIRGJ4Tk9NcjdkZ2oxdm1OZTMyLTNzNWdyN2dyeVJKa2dMd09QbmtpRy1HU0hZS3NzRk5kQlRreTN0TnhlYnJfaWVPcUVXZWk0RzhybnV2TVJiTjBSZG1ldmRWU2RSTVI3WHc?hl=en-US&gl=US&ceid=US%3Aen
2025-05-18T01:49:51.694908,12 hours ago,"AI chips are the new 'coin of the realm' as they grease the wheels of geopolitical negotiations, BofA says",2025-05-18T13:49:51.694908,"https://encrypted-tbn3.gstatic.com/faviconV2?url=https://fortune.com&client=NEWS_360&size=96&type=FAVICON&fallback_opts=TYPE,SIZE,URL","AI chips are the new 'coin of the realm' as they grease the wheels of geopolitical negotiations, BofA says",https://news.google.com/read/CBMisgFBVV95cUxOOGFjR0tYTHNLLTdRYnpJSmwwUUFCcDFqd1BzZDNzdkgwcjNIbkl1LVdVeWFxS0lZdktsWEgwTU1xZGJGanBPbkVNdFF1bkQ3dGxjT0Rya1NuR29pUkZPbUNRa2dCdlhuYTRMbnh3b0hCc1JHQ1h3TDRNNW82Yi1UTjVpNmJ2Vk1HSVdUM0REdDJudmZUUEZRQUt6aVlHNXZkNDl3TVRmeHJjY3hVSVA1bzRR?hl=en-US&gl=US&ceid=US%3Aen
2025-05-15T13:49:51.695702,3 days ago,Top Priority for Pope Leo: Warn the World of the A.I. Threat,2025-05-18T13:49:51.695702,"https://encrypted-tbn2.gstatic.com/faviconV2?url=https://www.nytimes.com&client=NEWS_360&size=96&type=FAVICON&fallback_opts=TYPE,SIZE,URL",Top Priority for Pope Leo: Warn the World of the A.I. Threat,https://news.google.com/read/CBMijgFBVV95cUxOeFc3cGhtMG9Eai1MTXNKTlhSczNQUHM2SFZhd3E4OVZyY3MzUUNGZDZCelVtQnlrcXhFblZndnR6NlJZQksxd2FnSEF4LXRlMFB2WHRIdmIwNzFrS1NNOHRmMHg5N1U4MjRiMGJWZ2Y1T3lSMGU5UXZxUEdaQ0ZSMldzQXBJd2dqOVlYbE53?hl=en-US&gl=US&ceid=US%3Aen
2025-05-17T15:49:51.696866,22 hours ago,Nvidia-backed CoreWeave soars 100% since IPO as investors see AI demand outweighing 'risky' business model,2025-05-18T13:49:51.695702,"https://encrypted-tbn1.gstatic.com/faviconV2?url=https://finance.yahoo.com&client=NEWS_360&size=96&type=FAVICON&fallback_opts=TYPE,SIZE,URL",Nvidia-backed CoreWeave soars 100% since IPO as investors see AI demand outweighing 'risky' business model,https://news.google.com/read/CBMi4wFBVV95cUxPNmdHUUZBdHk3TzhQMHFJaUZxS1pNM0d6aGN3Z1picGtFd2xURVlPQmhHNEJ4NDRWY05ueXhhT3BDS0MxTldxRTBHRFlUNHVZR2JZS0dLSXZnM05sNHN2ZEFHdnY1d1Jpb1R1b1lqcTdOUm14MkRQbU96clUtUGoxbHV1c0Z0cEpKSWxrOU1EeGJYd2FXeWVyazlRSGxqRmtRYlNzblRPMGVkN1RHcTlwNGt3NU5QcHdWZEdJeGZtX0d5Tzhsb1RqQ0dLNFNlclVZY3h1ZjZacnNpN0FWSUxVaUZZaw?hl=en-US&gl=US&ceid=US%3Aen
Yesterday,Yesterday,These 19 stocks at the intersection of AI and robotics could see big sales boosts,2025-05-18T13:49:51.696866,"https://encrypted-tbn1.gstatic.com/faviconV2?url=https://www.marketwatch.com&client=NEWS_360&size=96&type=FAVICON&fallback_opts=TYPE,SIZE,URL",These 19 stocks at the intersection of AI and robotics could see big sales boosts,https://news.google.com/read/CBMiwgFBVV95cUxOMlo2QkFKc3Y3S3JTMnRYUEVfaEMxdGR0UE0xWFUtX0ozdWhyRl93eHIzQnhXQ0drOTZISzRmazJGWGJHZThvU0tYVnN2N0VEOFBPMlJhVmtBb3hxNy10cFYwdXNKMGMzZ0tTd3ZfX0ZWVzZWOXU2c3owd1VqUllsV3dWdWJZM3otWTdCbnFhcEI1TUtJU3FiVGt6Qi0xMU1KQkVzVS1LbEUwNEtUTmpOZmxRUTNmVjgxRElzQy1KRjdNZw?hl=en-US&gl=US&ceid=US%3Aen
2025-05-16T13:49:51.698852,2 days ago,Watch: World leaders laugh at AI-generated video of themselves as babies,2025-05-18T13:49:51.697887,"https://encrypted-tbn3.gstatic.com/faviconV2?url=https://edition.cnn.com&client=NEWS_360&size=96&type=FAVICON&fallback_opts=TYPE,SIZE,URL",Watch: World leaders laugh at AI-generated video of themselves as babies,https://news.google.com/read/CBMiggFBVV95cUxOUktheXNhN2xzZ0s2cnU1OXVQajJZS0hZMldzSnJfQVp0bzdSMlpIb3BHTWYxNFlEZHVUa0xCZng1MHVkRnhoSXQtYXlfNVFxS2ljcTQxYlhtTXA3aGJjUGd0ZEVDUjl2elBxRHhscW9rSmN4b2ttbXJRZ1dNV3liRU53?hl=en-US&gl=US&ceid=US%3Aen
2025-05-17T19:49:51.699895,18 hours ago,AI Daily: Nvidia says not sending GPU designs to China,2025-05-18T13:49:51.698852,"https://encrypted-tbn1.gstatic.com/faviconV2?url=https://finance.yahoo.com&client=NEWS_360&size=96&type=FAVICON&fallback_opts=TYPE,SIZE,URL",AI Daily: Nvidia says not sending GPU designs to China,https://news.google.com/read/CBMiekFVX3lxTE5wV1ZIZTJNVEdMMVBxTm40eWJHZjhmQ1Nkc08zUy00bjJwb2NXVjlmclcteHlUS3o3RXFVNG0zaGZ1ZUU1Q2tsaHBLM1RvdFNIaUpKTjV5VzFaRzQwRVI2MTd3Wlc3QzF5VkRiaUZoU3ZJSnhGME5XSzR3?hl=en-US&gl=US&ceid=US%3Aen
2025-05-16T13:49:51.700858,2 days ago,"AI Discovers Suspected Trigger of Alzheimer's, And Maybe a Treatment",2025-05-18T13:49:51.699895,"https://encrypted-tbn2.gstatic.com/faviconV2?url=https://www.sciencealert.com&client=NEWS_360&size=96&type=FAVICON&fallback_opts=TYPE,SIZE,URL","AI Discovers Suspected Trigger of Alzheimer's, And Maybe a Treatment",https://news.google.com/read/CBMimwFBVV95cUxNdzB6R21rMDdNRE9IaHNQTkwyV1F1VF9BWlRrUndhVFdjRmtPMEJHek4xV2NTb1AzV3RmaHhISVpNZ3NUUjg3VC02ZEFvN1Iwb0R4cVh1NTFXajNOYndqMzJRSHJqYWxqWUxTXzZHN2VRMmpNMUJxSzNHLVJlOHU0bTAxN1R4ZWR0SkY1WVc0dU5XbTRKVkQwSHVoQQ?hl=en-US&gl=US&ceid=US%3Aen
2025-05-18T10:49:51.700858,3 hours ago,The AI Threat for Coding Jobs Is Becoming Clearer,2025-05-18T13:49:51.700858,"https://encrypted-tbn1.gstatic.com/faviconV2?url=https://www.bloomberg.com&client=NEWS_360&size=96&type=FAVICON&fallback_opts=TYPE,SIZE,URL",The AI Threat for Coding Jobs Is Becoming Clearer,https://news.google.com/read/CBMiiAFBVV95cUxOT3BjVk9RWkdXUzBzWGcxU3Roa1AxTnZTVnVDV1pwUGVvNHNkNDFROHk4UVVGVnF1M0dLR1RXOUVYRmVqSERfNDE4em52bTJqeFhZNllpdXc0NWtPQ1ozU0JjM3h1NnM5YnczTG5aTGVmdEdWbVJwNS04RmE0Wm5NdWpFYWt0M3dL?hl=en-US&gl=US&ceid=US%3Aen
2025-05-17T14:49:51.701889,23 hours ago,"AI Agents Face One Last, Big Obstacle",2025-05-18T13:49:51.701889,"https://encrypted-tbn1.gstatic.com/faviconV2?url=https://www.wsj.com&client=NEWS_360&size=96&type=FAVICON&fallback_opts=TYPE,SIZE,URL","AI Agents Face One Last, Big Obstacle",https://news.google.com/read/CBMif0FVX3lxTE9KNWF5TnVMMFh1ZmU2b1hPMGxhUFdSaGoxTjRQaWV3aS13SGxRTlRScTRxUi1SVXFvX1NxNFpvbmFSNUZLUktOU3hweXBjejJEU1Q0YUNTTWRpdHRKeGV0Q0FHbThsT201MGhydG1wbURMOG1zRkY5LUtvXzlTTGM?hl=en-US&gl=US&ceid=US%3Aen
2025-05-18T11:49:51.703688,2 hours ago,U.S. goals on physical AI require continued cooperation with China: Morgan Stanley,2025-05-18T13:49:51.702882,"https://encrypted-tbn2.gstatic.com/faviconV2?url=https://www.investing.com&client=NEWS_360&size=96&type=FAVICON&fallback_opts=TYPE,SIZE,URL",U.S. goals on physical AI require continued cooperation with China: Morgan Stanley,https://news.google.com/read/CBMi0gFBVV95cUxNMFl6MEt3TVZsdHp6QjNZSzBNSkFDeThjTmphaTQtSDRodmtranBaQWljVmFONEU1R01GbEpNRXZ6ak1RUjY0LVEwUmdUcHRxZ2NXdExadFUtQ1NXTEdGQzNMaXU3Y0ZFWXppVC1pQi1RcjFTNkNxd3MxV2I2SVMzQ29RUlRRMkF3dkhOeVhMQUNIeTlMVjhpUGN3aWdiM3kyaUVEcUNjQ2xuNnZJb1c3WkY4Tzl3MDlyRXBibWg2T1d1VTFHTFFwWHZUUG1jWDU4d0E?hl=en-US&gl=US&ceid=US%3Aen
2025-05-18T11:49:51.703688,2 hours ago,How big is the sovereign AI opportunity?,2025-05-18T13:49:51.703688,"https://encrypted-tbn2.gstatic.com/faviconV2?url=https://www.investing.com&client=NEWS_360&size=96&type=FAVICON&fallback_opts=TYPE,SIZE,URL",How big is the sovereign AI opportunity?,https://news.google.com/read/CBMinAFBVV95cUxON09ucEp4RkpNeGpWcHlRby1OQU9ubTUxMmU0aWVQY2pRMWtoTlp4emFMZVR1eUsxRGdsT1J0RWJ2bE92alNTWHRNajQ3N2ptN24yY0R1a2VFYUlUdDJqd1V4eWs4RFdoR1VBTTVpSEVIYndSTmV1cFl4RHRCNU5McE9wYVJELUdRUDhOM2NwTGV6WGQ1ZUhIQ1JadXk?hl=en-US&gl=US&ceid=US%3Aen
2025-05-18T11:49:51.705868,2 hours ago,"Producers discuss their job, AI in music and their love for Nashville",2025-05-18T13:49:51.704928,"https://encrypted-tbn3.gstatic.com/faviconV2?url=https://www.tennessean.com&client=NEWS_360&size=96&type=FAVICON&fallback_opts=TYPE,SIZE,URL","Producers discuss their job, AI in music and their love for Nashville",https://news.google.com/read/CBMi1wFBVV95cUxPZnJrWWJQT1YxMHFJUVhkQzVFak10Q1YtLVpNaDBHQWdrYXlCOXBsOVNIS3Vtd203WWhzdlV6NGpNdlhHLVFIS0ktUl9YbkRNZG9WTjRXY0pVMVVfYVVyVlpIUEgyTGVla0JfLXRSaEw0RmtMSjVzd2FfMkpxcGxUYlB1MWZKV2w5N1dhbkpvaFhHd0p3dEhIekwyTFRGdV9rLWs5cjdmMGVCSnVGeXNSdjZuWjRuX0pZWDRrT04xbHZjdllDaHZwWGJxbS02NkJYNEdQNG5TRQ?hl=en-US&gl=US&ceid=US%3Aen
2025-05-16T13:49:51.705868,2 days ago,"House Republicans include a 10-year ban on US states regulating AI in ‚Äòbig, beautiful‚Äô bill",2025-05-18T13:49:51.705868,"https://encrypted-tbn2.gstatic.com/faviconV2?url=https://apnews.com&client=NEWS_360&size=96&type=FAVICON&fallback_opts=TYPE,SIZE,URL","House Republicans include a 10-year ban on US states regulating AI in ‚Äòbig, beautiful‚Äô bill",https://news.google.com/read/CBMioAFBVV95cUxNcGFwbXIxblVOYWx6Y2huTlhFQ2RLQnRjQ1RRc2FWU20xVEVDcnk5SG1YQUROaUNvbzJsTC1uaW5HRFhIVXJWT0xaYzFEUWtRNGtHOWF1MEVBQ1NPaXk0ajBIdU5FZWVyVVRqMWFHMmpEY3lOOHZfaGNoSUcxSzROd2VXdW9oc2YxZklJWTU3a2UwV0p3UTZVRUJrdUU4ZzVv?hl=en-US&gl=US&ceid=US%3Aen
2025-05-18T09:49:51.706884,4 hours ago,"14-year-old boy graduates college with double degree, plans career in AI",2025-05-18T13:49:51.706884,"https://encrypted-tbn1.gstatic.com/faviconV2?url=https://www.actionnews5.com&client=NEWS_360&size=96&type=FAVICON&fallback_opts=TYPE,SIZE,URL","14-year-old boy graduates college with double degree, plans career in AI",https://news.google.com/read/CBMirAFBVV95cUxNaFl2Nmt1VTZPWVZHYXhnLW5rMzJVcGVLZE5zTlg3SVVScWJGZ2V3NkJsZ1UwcWVHYVktcXZHdzBRXzlXcWIyQnJWYXVZTnR3cjB6NjVfNlJLd3lIelVKMHdpaUR5LWRycHpwRDFoeGRSUzdLc2plUmtQaEI0ZU1lYnAzSXBDWHdGQnNYbTRGQktHaTlxaTIwOC1jU1lhMF82UzJIYXpzTzA2MFJS0gHAAUFVX3lxTE9RdHQwakpDd0ZCWnJkZVRrQjM4bWxVeVhmcW5mN1JpWVNMamVrUE5jMkJVRmk2MVJXOFp0ZVZRbktIcFVpWExfQ25HbEpib0dTbHM5ZXc0bDJ0THdCOVcxMDVzR09vWWpqREtqTTBNZjlpWVVsY2poZVZQVDY0UGp0ZkxpQXBOSkdaZGFCOXJ4b29kWnpfYlBlVFJ0ZEozZGZTaFd0SWZoVmdGQmpYdjIxTDl6MDVhdXprN3FBZlZwMg?hl=en-US&gl=US&ceid=US%3Aen
2025-05-18T04:49:51.707877,9 hours ago,Golf.ai: Launches AI Verified verification program,2025-05-18T13:49:51.707877,"https://encrypted-tbn0.gstatic.com/faviconV2?url=https://www.firstcallgolf.com&client=NEWS_360&size=96&type=FAVICON&fallback_opts=TYPE,SIZE,URL",Golf.ai: Launches AI Verified verification program,https://news.google.com/read/CBMi1gFBVV95cUxPWTkxSl9RTDZHOUwwY1FOb0VaXzFfVkl1b3ZYaGRScHVXLVYycXRDY3JzNWdDdGc5MEl1cGpIeW5ZS1JQSHdJRjNEZUJOdG9QaGRFMGhMZjZST2FMMW5wYkdhcy1Qd2Vtc3ZYTzBpcENWVHJySVd0ZVdyQzNxQVZzOVh1dTZMTlZCMW02ZGhtVm5QTEJDdXlCaWRRcGxRUU1BbzNaYy1LNjBBU1Z4TWxXN1ZjVGJWYy16UVZaRWx4anZSSzdldUwxOFRSVWRoQzFHczNlalNn?hl=en-US&gl=US&ceid=US%3Aen
Yesterday,Yesterday,"Weekend reads: MIT rescinds support of AI paper; should AI write science papers, anyway?; another pub steps in for paused NIH journal",2025-05-18T13:49:51.708790,"https://encrypted-tbn3.gstatic.com/faviconV2?url=https://retractionwatch.com&client=NEWS_360&size=96&type=FAVICON&fallback_opts=TYPE,SIZE,URL","Weekend reads: MIT rescinds support of AI paper; should AI write science papers, anyway?; another pub steps in for paused NIH journal",https://news.google.com/read/CBMi_AFBVV95cUxPYl9iTEs4RGp3QWFvNy15RHNDZXdLU1ZSUVBxWGNWR1l6VHhVczJkWm9oRmpQX2RXZ1k3dm1UN3hJVy1iQnpkejNSQm5uMjVUNWRUTmVwT2NLQmJJNGFpVmpybFpCSF9EQXg2OWZoODBxYV9mNjBaT2ZfUGVxZjJiaDNWNkJNeHZfNDVETDI4ejl6emhKemRUY3oxSGV5dWdKdXNvQ0xoclMxVTNYN2VHV2g2U2tCcjBncGNoVnpiUFplSzVEUEhBR3ZJUE54dTJvdi1ud0YydXhRNEUyWlpWTG1rN1oyTEdKY0dIOHRTaUVrUnVMSWlWSzVPbng?hl=en-US&gl=US&ceid=US%3Aen
2025-05-17T21:49:51.709902,16 hours ago,"Adopting agentic AI? Build AI fluency, redesign workflows, don‚Äôt neglect supervision",2025-05-18T13:49:51.709902,"https://encrypted-tbn3.gstatic.com/faviconV2?url=https://venturebeat.com&client=NEWS_360&size=96&type=FAVICON&fallback_opts=TYPE,SIZE,URL","Adopting agentic AI? Build AI fluency, redesign workflows, don‚Äôt neglect supervision",https://news.google.com/read/CBMirAFBVV95cUxON0xPc2U4R0FpUW5faGFBMFFvRlQydmJIemg0NXI5bHRwUlVQMjZjQmZSNGJrblR4RmZaNW90ZWVGcWFwTm5kZWhheEVXMDdWSGtDNWdmTFp5UnBVNjV3M0VtbG05MFk3dlBRRlUyTk1ZalFETjJPQVJBVE13ZGNsaldhUWVtZDFVamI3a1l3d0ExcklCaDB1eDhpTnpwZnBDdEVWdUd2eGpyMW5C?hl=en-US&gl=US&ceid=US%3Aen
2025-05-18T12:49:51.710885,1 hour ago,du and Microsoft launch $544M AI data centre in UAE,2025-05-18T13:49:51.709902,"https://encrypted-tbn3.gstatic.com/faviconV2?url=https://dig.watch&client=NEWS_360&size=96&type=FAVICON&fallback_opts=TYPE,SIZE,URL",du and Microsoft launch $544M AI data centre in UAE,https://news.google.com/read/CBMiggFBVV95cUxNdHFXdXZlTnNUZjVudWw5bmFndGhTRnhXRzBwVHJNRDZFQlotU19jNDFheU9uZkQ4amZPMW54VXlINGstZFJmQmtxVEdlbnJtSGVRcTJ1bWhHTkRrNmlESG1OSm9UM2p1aC1jME5HdXZrejJGdUc5aVBxajV2TDF0cERR?hl=en-US&gl=US&ceid=US%3Aen
2025-05-18T06:49:51.711849,7 hours ago,What do AI chatbots say about their own bosses ‚Äî and their rivals?,2025-05-18T13:49:51.710885,"https://encrypted-tbn2.gstatic.com/faviconV2?url=https://www.ft.com&client=NEWS_360&size=96&type=FAVICON&fallback_opts=TYPE,SIZE,URL",What do AI chatbots say about their own bosses ‚Äî and their rivals?,https://news.google.com/read/CBMicEFVX3lxTE1kU3pBNTVjcVhFV2g3WTJUN2FXd1NQWERIVWxrTTN1NjJDd3ZqODJqeG1GdGpZYmhmX3FvdTBjZ2VWa2tOYXQ4RXIxQzQ3LUFESDBuYXdOQzBaV0NfdmVrYlRRbkN6cTZTQ1BReGJZaEU?hl=en-US&gl=US&ceid=US%3Aen
2025-05-14T13:49:51.711849,4 days ago,Your A.I. Radiologist Will Not Be With You Soon,2025-05-18T13:49:51.711849,"https://encrypted-tbn2.gstatic.com/faviconV2?url=https://www.nytimes.com&client=NEWS_360&size=96&type=FAVICON&fallback_opts=TYPE,SIZE,URL",Your A.I. Radiologist Will Not Be With You Soon,https://news.google.com/read/CBMiiwFBVV95cUxPYk94ejRBZzFNcmRSUUlOaUVkaHUxWFcyd0EzWkYtUkxRVjRONEZhLWlpTnhjZXBDOUh3Y3JXZ0hFYkZWMDg3YzM1cGVMV3V1WGJwcVpWVDBhVjIxVXpQRXVSbXZoOE80VXRvcDVycVlTREptdUs5SUVWZ21MYnZBYVNVZ3BfdFlVb3RN?hl=en-US&gl=US&ceid=US%3Aen
2025-05-17T14:49:51.713675,23 hours ago,Trump wants coal to power AI data centers. The tech industry may need to make peace with that for now,2025-05-18T13:49:51.712929,"https://encrypted-tbn0.gstatic.com/faviconV2?url=https://www.cnbc.com&client=NEWS_360&size=96&type=FAVICON&fallback_opts=TYPE,SIZE,URL",Trump wants coal to power AI data centers. The tech industry may need to make peace with that for now,https://news.google.com/read/CBMiqAFBVV95cUxPOFkxcUFFX1FlLVZlQ05tWmxrLTJrU25ObWZEdjd6ZDdHMThoRi1CTzI5TlVoMnVPS2xJdjRmWENWTlRDYmh1d2VvUzBLNEE4bXc1VVViWFlMSDl5TWJqQ0FETmYxWHNqLUVRNUNNRVRtTUx2VlF1VmlpVldHNVlWdDN3MGZRRXpqODVJQjZqYzdvVVNxaXZtSEdTTWFCSW14Ml9mY1FKaEnSAa4BQVVfeXFMT0kzSWFmQjNaWUJ1NWxWWTRpcF9vendCandlT01RaEFtb2o2WkpwaXM0T2MxQ2hXR1lPSFRRSGM4R01oNzRiUnlHTmdRZ2puVHZ3YXQ0dXBpZnNmTlktQk1aTzdUX09sUHFrMFh5elp4MjR4XzhhbXJhWTJsMnp2dHBUX3FRVldoMWFBbVNzcVBuQ1kzSHFhekMtamFtVzd2MjVyTHItV2dyeDRTRU9n?hl=en-US&gl=US&ceid=US%3Aen
2025-05-18T13:05:51.713675,44 minutes ago,Micron (MU) Stock Gets Buy Rating on AI Demand Surge,2025-05-18T13:49:51.713675,"https://encrypted-tbn1.gstatic.com/faviconV2?url=https://www.insidermonkey.com&client=NEWS_360&size=96&type=FAVICON&fallback_opts=TYPE,SIZE,URL",Micron (MU) Stock Gets Buy Rating on AI Demand Surge,https://news.google.com/read/CBMimgFBVV95cUxOMDhnWWpmcW1rN3NhbWx6NjlPUl9fZUJLTFp1Yk9lT1dJR3BUNmFrOHV1cWJUdEQxc3VRUVhEZkNPRmE2SjRaNjJ0ZGh1QlF1Q2JFZF9EQzBhVjVBdlpZRTJWTF9DTFBKVUk3WERmR21TTGNjelpHQjgxMm9WQXlQY29XWGxfekozUE9NY28zLU5IUFpjcmJ2TTJB0gGiAUFVX3lxTFA5Q3g1d2ZoQTJRQjRuU0FrWW52Nk9mWTFEZWZEbXQyYWtmWHJUQnExVHo2cEJjNGl4RnF0cUx6SVR3MmNMWlBjYjFwcDV4TWNUVzdDb3FRdEp1WFByaDljTk5jbGxZODcxeUI5YU1kVlVIU0w5VVFRYXhNS0Y0TTZYNEZIbms0VkpNSFYycWhWcHp1cmc1WURGYU9USWE2VTc5Zw?hl=en-US&gl=US&ceid=US%3Aen
2025-05-17T19:49:51.714942,18 hours ago,Unlocking Myeloma Insights With Generative AI,2025-05-18T13:49:51.714942,"https://encrypted-tbn2.gstatic.com/faviconV2?url=https://www.targetedonc.com&client=NEWS_360&size=96&type=FAVICON&fallback_opts=TYPE,SIZE,URL",Unlocking Myeloma Insights With Generative AI,https://news.google.com/read/CBMihAFBVV95cUxOZmNrNVdsMVI0NEd5eFN1MTMyNV9ScEM2M19oTjg2U3o1N1kxclBKTkd1c0FjNlJRYzg0QmNWVEJuWDc3WGxXWmM2Q2RmRzhOSHpMem9INWNRR1g2R1NrcTgzZTdNRXJDdGVpU3NzTFAxZzRaUE1xbURGaHZud3RXU3E4YnI?hl=en-US&gl=US&ceid=US%3Aen
2025-05-18T12:49:51.715855,1 hour ago,AI technologies used by schools to monitor kids for safety are found to mostly fail at keeping kids safe,2025-05-18T13:49:51.715855,"https://encrypted-tbn0.gstatic.com/faviconV2?url=https://www.milwaukeeindependent.com&client=NEWS_360&size=96&type=FAVICON&fallback_opts=TYPE,SIZE,URL",AI technologies used by schools to monitor kids for safety are found to mostly fail at keeping kids safe,https://news.google.com/read/CBMiywFBVV95cUxQSHYxeWdhSkV1VS0tZkljQnNndV9Ea1c3TUJYNGdNRk9WdU5hMkt1S1ZDZWRMXzF3Vjd0RXVISG9CWkVLbm9IQWtta0xHTl9HdzNlRFFVVnh0Si16QmFXdXcyOUdSUEJpUFg1dWE1OEFxbUZIWUtjZGhQT0hycXhzLTVvWG1LT3d2UmM3MkpNbWx4bUh0Y01wMnU2UTBlZ3pfSWtieFF6dFU0TTlXWXotYm5HcGE0U0N6eHlDR0czWmduUVUtdl84eWkySQ?hl=en-US&gl=US&ceid=US%3Aen
2025-05-17T20:49:51.716884,17 hours ago,House Includes 10-Year Ban on States Regulating AI in Budget Bill,2025-05-18T13:49:51.715855,"https://encrypted-tbn3.gstatic.com/faviconV2?url=https://broadbandbreakfast.com&client=NEWS_360&size=96&type=FAVICON&fallback_opts=TYPE,SIZE,URL",House Includes 10-Year Ban on States Regulating AI in Budget Bill,https://news.google.com/read/CBMingFBVV95cUxNQjN4WGZlbW1UaURwLXFTbmxiTC1xQjd5aGpxOVlpbkFWZVM3SDdpRW9YNTJoZnJEWVhjOXZGdlF0RzFWU3NCWFBxS0ZtU2ZzeElnS3BLWEtHUDROcW5xYThFR3JUSWhLNVEwXy1BMHotRTNjdk83cGtQbUxEY215cFpOZDRYLWNYSlhwRDB0RHpQaTZvMUJrWmhLdFZ6Zw?hl=en-US&gl=US&ceid=US%3Aen
2025-05-18T11:49:51.717686,2 hours ago,The inside story of how Silicon Valley's hottest AI coding startup almost died,2025-05-18T13:49:51.716884,"https://encrypted-tbn3.gstatic.com/faviconV2?url=https://www.businessinsider.com&client=NEWS_360&size=96&type=FAVICON&fallback_opts=TYPE,SIZE,URL",The inside story of how Silicon Valley's hottest AI coding startup almost died,https://news.google.com/read/CBMiqwFBVV95cUxNVWFRM1lDVTNKVHJpcFN4QUwxMEozTk1USG1SSGE5Nl83dHdIVUJxV1lIN2ljUldCSlcxNTJsQ2pNaFF1QldfVV80YmdXRExKVmJpcV9zcDR1LTlQYVREaXVzMlQ1dHhwaEJTOC1WMEdxM0JmZmVDalJINDNRdE9BMHVIUmdDNVVGY0xya3pSX25xcElrM3lxZGhYVjVDb3NXR1F3MHFYT0JWSm8?hl=en-US&gl=US&ceid=US%3Aen
2025-05-18T11:49:51.717686,2 hours ago,Alibaba Shares Fall Despite Accelerating AI Growth. Is It Time to Buy the Dip?,2025-05-18T13:49:51.717686,"https://encrypted-tbn2.gstatic.com/faviconV2?url=https://www.fool.com&client=NEWS_360&size=96&type=FAVICON&fallback_opts=TYPE,SIZE,URL",Alibaba Shares Fall Despite Accelerating AI Growth. Is It Time to Buy the Dip?,https://news.google.com/read/CBMimAFBVV95cUxNaGlTbUFSMXI2b01ZTlVteUdzUWJ3Vlh3a3dYMmtMMFZXMmxrME8ycG5qQ2tEZ2JOSXdMM0R5VU5aRTVkRnh2cVRSQUNONkJSM1ZxZ0pMX2ppSFhIOWt5WkNxa2tyYzl3ajhfemttWldDY1JKcXA2MU0wX05Sa3QwWEkwWUt3c1BfZ3d1TVlMd2VfQWVfY1hnTw?hl=en-US&gl=US&ceid=US%3Aen
2025-05-18T13:00:51.718933,49 minutes ago,"Business Tech News: Klarna Reverses On AI, Says Customers Like Talking To People",2025-05-18T13:49:51.718933,"https://encrypted-tbn2.gstatic.com/faviconV2?url=https://www.forbes.com&client=NEWS_360&size=96&type=FAVICON&fallback_opts=TYPE,SIZE,URL","Business Tech News: Klarna Reverses On AI, Says Customers Like Talking To People",https://news.google.com/read/CBMi0wFBVV95cUxOTDYzd3FINDhsZE1PVExiOWx6cWItODZ4eDRzbEgxRk1VWVN4N0ZjekVUUWtpLURsWFo0UjFydThSeWhvTXlyaEhhQXNkYm9zUVNwLTBGTm5qTFEtRVQ3T0x2MV94Z2F1dXJyTjAxQzRWd3RkOThDeGk3RmVDbG9HcUpSQWp4M0Z4M3d5bUpLa21SMU5ROVlOaV9Rbk53Ukl2b21Za1laYjVscmtXdjJON2hBLU1BODRoWkhQU3Y5a2F0YzJVMWh1dTFWZHd5cUw4aEJZ?hl=en-US&gl=US&ceid=US%3Aen
2025-05-18T11:49:51.719864,2 hours ago,Iran designs 6 AI megaprojects to tackle energy imbalance,2025-05-18T13:49:51.719864,"https://encrypted-tbn3.gstatic.com/faviconV2?url=https://www.tehrantimes.com&client=NEWS_360&size=96&type=FAVICON&fallback_opts=TYPE,SIZE,URL",Iran designs 6 AI megaprojects to tackle energy imbalance,https://news.google.com/read/CBMingFBVV95cUxQZF9hZS13N2NKc21rTmU1UEhIbzR3aDd5UzdfbUFUS3dEQmtzb1Nxcmd2SFJhZXJkYm1wY0ZUNU1SU0ZhSFRMN1RlbWlMaG1sdnJjZEtFUWZfOUsyUnYtQVY0X0dKTlgzcjlBZmk5LVhESTF3QW9oTlVKdFlVdXJKMTBlQ1d5dzJhNkNlNXpZSm01VXc4YnRrQmdXTVZvZw?hl=en-US&gl=US&ceid=US%3Aen
2025-05-18T13:05:51.720882,44 minutes ago,Advanced Micro Devices (AMD) Price Target Raised as Saudi AI Deal Boosts Sentiment,2025-05-18T13:49:51.719864,"https://encrypted-tbn1.gstatic.com/faviconV2?url=https://www.insidermonkey.com&client=NEWS_360&size=96&type=FAVICON&fallback_opts=TYPE,SIZE,URL",Advanced Micro Devices (AMD) Price Target Raised as Saudi AI Deal Boosts Sentiment,https://news.google.com/read/CBMiwgFBVV95cUxPYl9fY3oyN3FObkY4dW1makVacU1EanlmdkU3QjlidVpaNmhPcC14dGtma09sNWxEWEVwRWFvcEJ4WmxKbHZuM3RXTXVQR1RSQk9NWW9BYnpzOG4ydzNvbkpVdjBUM2piRkRjMko2WmVacWE5UDdnSlFNV2Y3NzZNWk5tS0ZwclZSM1FpYlpVQWZTVG8yQUtiS3hLUU5TY2J2T091VHNsNTBnMTB2ell0NTVSc280MnN6NEpybVdVX1I5UdIBygFBVV95cUxOVGN3bHB2ZVpoc2dISnNyblRFTmZhbzQtSFdsY0ZScWIyenMwM2JOQ29paG1OdVItTjI3ZkdfMF93S0dxVVgzdm9jSjE4ZnlzYi1fNFlHT1p3aWVnZi1VeUx2NXRHY1FXMmZrbXpDZ0VRSWpGa1VZTjI3b09sOTRyNU42SkNWa2xGUGt1c0RxMXNEbHF6eGVNb2FHRExTWEZJbnQtY1dGUDVpRGRzOWo3Z2oyRm9nMWJwZkk5bmlKQXZCTXcwUjQ4UVdn?hl=en-US&gl=US&ceid=US%3Aen
Yesterday,Yesterday,Google I/O will be an AI show,2025-05-18T13:49:51.720882,"https://encrypted-tbn2.gstatic.com/faviconV2?url=https://www.theverge.com&client=NEWS_360&size=96&type=FAVICON&fallback_opts=TYPE,SIZE,URL",Google I/O will be an AI show,https://news.google.com/read/CBMibEFVX3lxTFBFQVhtWFh5YXBPM3dWdTc5TWtNTTE2WmpnQWZuY3lIX1N3ZWd4SGFSb091eHc2bEl6cmNyQ3dNUk9ETk5YT1ZiM2FCUXYxTndrMl9CX19qVGsyTXdLQkRIM2hhUmJKdXcxS292Rg?hl=en-US&gl=US&ceid=US%3Aen
2025-05-18T10:49:51.722892,3 hours ago,Distributed intelligence: Using AI to manage power,2025-05-18T13:49:51.721881,"https://encrypted-tbn2.gstatic.com/faviconV2?url=https://roboticsandautomationnews.com&client=NEWS_360&size=96&type=FAVICON&fallback_opts=TYPE,SIZE,URL",Distributed intelligence: Using AI to manage power,https://news.google.com/read/CBMiqAFBVV95cUxOYTFORU5oc2RBTGlCVkFnMUtEcjJJUzV4YjRxNVJENVlaMDlMRjdwRWY4WFZIc09BWkdEX2l1cXNOZUJhdGowdDNVaUsxRUo2TzBmWVkxd3JEdmZESHAybnBYS0ZoaTBaLU53MnM0VGJHTk1PRExCclh0UTBzX1FWdFJlc0RxWXJpRkpuS0RNTl9tbE40MFNKZVlpb0kwLTIzOFdiN1Fyd3g?hl=en-US&gl=US&ceid=US%3Aen
2025-05-18T13:26:51.722892,23 minutes ago,AI and Drones Help Israel Counter West Bank Terror Wave,2025-05-18T13:49:51.722892,"https://encrypted-tbn3.gstatic.com/faviconV2?url=https://themedialine.org&client=NEWS_360&size=96&type=FAVICON&fallback_opts=TYPE,SIZE,URL",AI and Drones Help Israel Counter West Bank Terror Wave,https://news.google.com/read/CBMiogFBVV95cUxQQlFueHozYzlpenBFaFRHcWZfVktSa3UtNUNpMFBCMDBwSWVISlltS3NwLVc5M2hWcUM2MWNQLUdRYi11YU5jaDdPdTVaWkNueldIODlDZU50MWRSWmlXTlNyQms2M3MzMjBGVl9NS1QxQmJfWEJaWHE4aGNjRlRzQ2xLQU0xbXplYWQweXZ2cmVzVnFjZEFnZE5ySnJMY1ZsQnc?hl=en-US&gl=US&ceid=US%3Aen
2025-05-17T21:49:51.724680,16 hours ago,This outlandish story about ChatGPT can teach us all a lesson about AI,2025-05-18T13:49:51.724680,"https://encrypted-tbn3.gstatic.com/faviconV2?url=https://bgr.com&client=NEWS_360&size=96&type=FAVICON&fallback_opts=TYPE,SIZE,URL",This outlandish story about ChatGPT can teach us all a lesson about AI,https://news.google.com/read/CBMilwFBVV95cUxQeXRfQWc0MjRycV9qRkI2Q004d1VwLThVWU4wY3phVWVRbFppZ0x5cmdsejZwVHF6N1A5WlZnSEJQRFVQd3BEZ2pjNmZ1LUJ3elFkbjBvZ0lram5rSVFBc3NXMjN5ZDdnc3FsSVhRTy1XZnNfeklkZEh0Q1AtUHV4a2F0cVQzZzgyTFgtQ0JqdnJJQzIzblY4?hl=en-US&gl=US&ceid=US%3Aen
2025-05-16T13:49:51.725675,2 days ago,"OpenAI launches Codex, an AI coding agent, in ChatGPT",2025-05-18T13:49:51.724680,"https://encrypted-tbn1.gstatic.com/faviconV2?url=https://techcrunch.com&client=NEWS_360&size=96&type=FAVICON&fallback_opts=TYPE,SIZE,URL","OpenAI launches Codex, an AI coding agent, in ChatGPT",https://news.google.com/read/CBMijwFBVV95cUxQUnhhRmRzcm9lbENSUGFLU0Rhc2NSUTF3T1hXMzZYdC05TmF6RTAxZlM2X2hCajVnN1ZTVkt2Rnd4LVFPelN1U3E0WEtIS1FTZlVGNjBOVjhLRE12SHp5QnowRHBrcWNfZ3JEZG82UkJnM18tVFllTE5mUjJGVlZPampfLVpLV3V2cGVrVmJubw?hl=en-US&gl=US&ceid=US%3Aen
2025-05-16T13:49:51.726676,2 days ago,"US and UAE plan to build 5GW AI data center campus, run by G42 and American hyperscalers",2025-05-18T13:49:51.725675,"https://encrypted-tbn0.gstatic.com/faviconV2?url=https://www.datacenterdynamics.com&client=NEWS_360&size=96&type=FAVICON&fallback_opts=TYPE,SIZE,URL","US and UAE plan to build 5GW AI data center campus, run by G42 and American hyperscalers",https://news.google.com/read/CBMiywFBVV95cUxPLWFuczdUZjgtWndHQzI4WldQN1dmSlR1dmhad2pzZGwtYjZIN19CUFFvU1VMMjBNeDlQQWstdTBWSlpKNjNOdFg2Rk9MQWUwN2ZJd0FCTmFydXdxS3VKVTFicXpob0xfLTBsNGg0Wlc5NVpEbjBlTV9rZ2JreDVPcDFYT3hBeTUxOWxnS0o1X2pkSlJFNkpWcWNEcGFoWS1aVnh4bVp6cWdmWnNiNWFvUnM5WU5rQ09fbWRrWl9yZUJJcTg0LWFsMmtrYw?hl=en-US&gl=US&ceid=US%3Aen
2025-05-17T15:49:51.727678,22 hours ago,Fortnite‚Äôs AI Darth Vader Is Unfortunately Very Funny,2025-05-18T13:49:51.726676,"https://encrypted-tbn2.gstatic.com/faviconV2?url=https://www.forbes.com&client=NEWS_360&size=96&type=FAVICON&fallback_opts=TYPE,SIZE,URL",Fortnite‚Äôs AI Darth Vader Is Unfortunately Very Funny,https://news.google.com/read/CBMipgFBVV95cUxONUhTbVRMb2RFbEtPbW1tQ0FwVjc5eURZWDU1a0F5dGdlOERaUFF5TTEwR0F2WkNyTnFxWWZES1dWdGhkeVR3eFFMZWdpc3RzQks1Q3VWMC1ta1ZQeHlTSXI1S1Jvd3BCYzVoT1dJYVh1S2kyMUlLNW9RaVE0WU1XM09KMmdXSS05RWZjTms1QW9TdWZudXJLeUY3TDRkU0k1ZDV6RnlR?hl=en-US&gl=US&ceid=US%3Aen
2025-05-18T12:49:51.727678,1 hour ago,US officials warn Apple's iPhone AI deal with Alibaba may boost China's AI sector,2025-05-18T13:49:51.727678,"https://encrypted-tbn1.gstatic.com/faviconV2?url=https://the-decoder.com&client=NEWS_360&size=96&type=FAVICON&fallback_opts=TYPE,SIZE,URL",US officials warn Apple's iPhone AI deal with Alibaba may boost China's AI sector,https://news.google.com/read/CBMipwFBVV95cUxQV19zZnlnS3Z4UjBjRnllQkYxZlFsNlZxa05FbUxfOFM5ODRBeUluQWhHVThpcTQxRVJFdDVIc1Vic2lJXzU1ekJhdzJBVlJISkUtRjlwc3M0bzJWMmJjSEdCLVJIN2loT2xQdHVmNEh2NWREempiQjV1Z1B3WWZES04zWExXd0EwNGFEeW1UQzBoUUJNcFczTHdXc3l3WHR4ZWNGbkd6UQ?hl=en-US&gl=US&ceid=US%3Aen
2025-05-18T11:49:51.728677,2 hours ago,AI Is Diluting Your Brand,2025-05-18T13:49:51.728677,"https://encrypted-tbn0.gstatic.com/faviconV2?url=https://www.practicalecommerce.com&client=NEWS_360&size=96&type=FAVICON&fallback_opts=TYPE,SIZE,URL",AI Is Diluting Your Brand,https://news.google.com/read/CBMibEFVX3lxTE0wUHhEQmJZX2RoMzN2RmtGdzJQMjQzLTVTc3d1Nlpqa2ZFVHVJQmR6UGtkOXdxQ1k5X2F6dDdZM0NwZ0loTEJQOE9faWxFcjF5Uk01TWdMNVRjRi1SejVRekFDekxvcnctY3NrZw?hl=en-US&gl=US&ceid=US%3Aen
2025-05-17T15:49:51.729677,22 hours ago,"AI models can't tell time or read a calendar, study reveals",2025-05-18T13:49:51.729677,"https://encrypted-tbn2.gstatic.com/faviconV2?url=https://www.livescience.com&client=NEWS_360&size=96&type=FAVICON&fallback_opts=TYPE,SIZE,URL","AI models can't tell time or read a calendar, study reveals",https://news.google.com/read/CBMivAFBVV95cUxOU0l5ZUI3SEt4LVZFdzNEWUtDRDFmUXJ2V0dHLXUzRHV0Ml9zdHlIOE95S3JuZXYwbS02X2lXU3BuOHhnRWV1VHM1X2hqVEJaTjNwS3NDalliQUE4MEdackFkN0NrQkJBMkliU1RsNTdsdE9WUHJodTJaVElJS2dmQk1pVWFhUE1VZV9lQkNXRDZjbVcxQkpLbUF2dHNYTDY2eGQ0WmgxN0RGSlZjU2ZGeE1KZVhibjZMRnVIVA?hl=en-US&gl=US&ceid=US%3Aen
Yesterday,Yesterday,Microsoft says it provided AI to Israeli military for war but denies use to harm people in Gaza,2025-05-18T13:49:51.729677,"https://encrypted-tbn2.gstatic.com/faviconV2?url=https://apnews.com&client=NEWS_360&size=96&type=FAVICON&fallback_opts=TYPE,SIZE,URL",Microsoft says it provided AI to Israeli military for war but denies use to harm people in Gaza,https://news.google.com/read/CBMivAFBVV95cUxPYThUNHFfaUMtRjEtQXFuY2dEUlFpY3BrdFJNYms1WncwMVJvNFpyTG9ZQld3QXdCSm1uSlJ0WTVIT0N6MTB6cGtGVG5uUno4R2RhdE9LY2Z0WDFZel9JdElwZWtKY0doVFpjb1VjeWp3SV9xcDNVTTFueDl3dUs3bFBMcHIxcFVRWERKWThTTGpGdElvN3Y1NVBSLUVhNUR4LUI0LUxDSXVTVE1wQ3d1ZTJfeThodG93c19yUA?hl=en-US&gl=US&ceid=US%3Aen
2025-05-17T16:49:51.731706,21 hours ago,AI Goes To School,2025-05-18T13:49:51.730866,"https://encrypted-tbn1.gstatic.com/faviconV2?url=https://www.kiplinger.com&client=NEWS_360&size=96&type=FAVICON&fallback_opts=TYPE,SIZE,URL",AI Goes To School,https://news.google.com/read/CBMiYkFVX3lxTE1DcWlNVkkyQzEyMmFFTnA1NzlpMzZqX0l2ZWZ2OUM0b2U2aGl4Qk0xa29GM2hBbDRnZkJUOWZiWXBueGtiekhySjlEbU1oRDBaWENtUV9mWTdTcDlMV0ZwU1Vn?hl=en-US&gl=US&ceid=US%3Aen
2025-05-18T10:49:51.732677,3 hours ago,Alphabet: Buy More The Best AI Play At A Reasonable Valuation,2025-05-18T13:49:51.732677,"https://encrypted-tbn3.gstatic.com/faviconV2?url=https://seekingalpha.com&client=NEWS_360&size=96&type=FAVICON&fallback_opts=TYPE,SIZE,URL",Alphabet: Buy More The Best AI Play At A Reasonable Valuation,https://news.google.com/read/CBMiowFBVV95cUxPbmdYS2NtTmUxcDRRUW12d0xCNzFfdFF0UEsyOE45X2hSS3RkV2VwN0dZQl9sNE02UkdMX0lwQmxQLWVNdm9KZlRwXzI4SzlleXk2NWdzTExjYkhrZFFtQUF6WTV5V3hfM2Vub2s2MmRLaEpmVTdyak9TeWNuQVlXT1Rma2pGSjZhUmlOZXdacmZfbk5tT2FrVVhuSmNnc01lTElZ?hl=en-US&gl=US&ceid=US%3Aen
2025-05-18T12:51:51.733676,58 minutes ago,Bill Gates names three well-paying jobs that are safe from AI,2025-05-18T13:49:51.733676,"https://encrypted-tbn2.gstatic.com/faviconV2?url=https://www.irishstar.com&client=NEWS_360&size=96&type=FAVICON&fallback_opts=TYPE,SIZE,URL",Bill Gates names three well-paying jobs that are safe from AI,https://news.google.com/read/CBMigAFBVV95cUxOekZudDAtX1NuX25kQVZXSTFUeUxfdXZ4dFZ3U2M1Y2FxOXIyRHBzdHIwWEU1c1ptdW11VldBRmRuZHljejJaVlQ4TTdKZ1RGalMtSDR5cG8wRHRPZEM0THRiTjJpOFdGSmFQSWtBNU1SRXlvTXJya1NvdGJLY3ZMZg?hl=en-US&gl=US&ceid=US%3Aen
2025-05-17T20:49:51.734931,17 hours ago,World Network Illustrates Complications Of AI-Crypto Partnerships,2025-05-18T13:49:51.734931,"https://encrypted-tbn2.gstatic.com/faviconV2?url=https://www.forbes.com&client=NEWS_360&size=96&type=FAVICON&fallback_opts=TYPE,SIZE,URL",World Network Illustrates Complications Of AI-Crypto Partnerships,https://news.google.com/read/CBMivgFBVV95cUxOeVZPOXNGeTc4Yzk2Mnh0Z1pYRzMwNlRkZ0MxQWZJbzRVUUR1UTZLMm4weUpRYkhvcFh1ZGV6U01UZHUyUk05TUptYlR0dERxTE1lOTdJdVZIZFFSREVwVWNmSmQ1M3paSTk5d0dtYXlxMjk4MF85RDNTS0llN3Bka3o4UFY0QXdIXzZFN2pQczNXVjRQcEhZVU5TZ3E3RXJRNnBGaVBybExIXzd6ZmxzSUtfWV9tM1dCSjVnX2pR?hl=en-US&gl=US&ceid=US%3Aen
2025-05-17T14:49:51.735839,23 hours ago,Grok's 'white genocide' auto responses show AI chatbots can be tampered with 'at will',2025-05-18T13:49:51.735839,"https://encrypted-tbn0.gstatic.com/faviconV2?url=https://www.cnbc.com&client=NEWS_360&size=96&type=FAVICON&fallback_opts=TYPE,SIZE,URL",Grok's 'white genocide' auto responses show AI chatbots can be tampered with 'at will',https://news.google.com/read/CBMiowFBVV95cUxOdGVmdHRaVGhPZktBRll3T05ja2VNWmJmc2FhcVZJbzY2aEtWam9Xa2ZEN2FZbkJQNmE0MlNXWXVuaFpCcnNfTXB1bkN0ckFnT1JUR3BKcExXMUM5eUdnZnBLa2tOcFlRVWtfbzFzNHhwLXVMdjlEQ3RHXzhCZUctdFpzMmIxTjFOOVRhR3ZrV3NESFVVdXMzSFhQLWFHSXR2UFhr0gGoAUFVX3lxTE4xMlBTS2I4d1lwM0JZd2JxQTY5N3VaNDZ0azR0WEtqc1hmLVRFck0tSmx5aDNBMkNmWkF3OHpmV3AyQmIwOUhTUmNlUkk1V2xiRmtWS2JUUmgzLUl4eHRQLV9FSElXVUpjeW9EZVRMbWVKbTIzQWRUZTliWjJNZ2pNUlNLUWFYUE81cEVBWktmNFpzQ3hsYWREWi00SXhzYmpzbjYxek5YRw?hl=en-US&gl=US&ceid=US%3Aen
2025-05-18T10:49:51.736895,3 hours ago,Moonshots and bottlenecks: Inside Israel‚Äôs new AI strategy,2025-05-18T13:49:51.735839,"https://encrypted-tbn0.gstatic.com/faviconV2?url=https://www.calcalistech.com&client=NEWS_360&size=96&type=FAVICON&fallback_opts=TYPE,SIZE,URL",Moonshots and bottlenecks: Inside Israel‚Äôs new AI strategy,https://news.google.com/read/CBMiZ0FVX3lxTE00bnhDMzlaWG55SUlUNWJJckZIbTN0YTdhNUVSUXRhTnZHWUl2SXd0c0FrcENFQnFmeW43V1pfZUhleHFoblc0VzEwamk4Y3NhU2R1cmFUSjFUcWw4S2c4MVFkSlNRLW8?hl=en-US&gl=US&ceid=US%3Aen
2025-05-18T03:49:51.737884,10 hours ago,AI deepfake video causes controversy in Dallas City Council race,2025-05-18T13:49:51.736895,"https://encrypted-tbn1.gstatic.com/faviconV2?url=https://www.wfaa.com&client=NEWS_360&size=96&type=FAVICON&fallback_opts=TYPE,SIZE,URL",AI deepfake video causes controversy in Dallas City Council race,https://news.google.com/read/CBMi1gFBVV95cUxNeGZIVkthOVlMRW9oTnlCMWRHVllZSGp5YmxZU19yVFczZjd5bjdWYjVDdFJMV2E5bUJQVzM1RENyOHBFaHE2OXFJNGtiUUxOOUV2S1BYUVcwR0Y5VDNJNUUwY2JUWjB6djZScGRBbXRHdWJxYWx5b0Q5S0czdVctQ2NXU1RIUnYwdmFUZ1BDQUJmbFlzMlJvOVZxd29acVkwNnNVcGRDeTJLdm9rLXhRVTVOdkdjVS1MSnVTMVZTaEs0UjFnUklzV3BxV2JwbDNVd2duZHlR?hl=en-US&gl=US&ceid=US%3Aen
2025-05-16T13:49:51.738884,2 days ago,'Fortnite' Players Are Already Making AI Darth Vader Swear,2025-05-18T13:49:51.737884,"https://encrypted-tbn2.gstatic.com/faviconV2?url=https://www.wired.com&client=NEWS_360&size=96&type=FAVICON&fallback_opts=TYPE,SIZE,URL",'Fortnite' Players Are Already Making AI Darth Vader Swear,https://news.google.com/read/CBMiggFBVV95cUxPc3UzX2NmTEdOWldkcXozR3pVNFoyaFlmVDVSLTgyVXEtRVcta1F4T0tNa1J5WUFTaHZ2TWFxUXZOQ1NZUkZuUE1QS01oT3dNek5JNi10WmJQdlRYcnVkWS05ejFBUldESFhhMTJRXzdmOWdac3ViNjFacUx4WUYyU1hn?hl=en-US&gl=US&ceid=US%3Aen
2025-05-17T16:49:51.739894,21 hours ago,How AI sources can increase openness to opposing views,2025-05-18T13:49:51.738884,"https://encrypted-tbn1.gstatic.com/faviconV2?url=https://www.nature.com&client=NEWS_360&size=96&type=FAVICON&fallback_opts=TYPE,SIZE,URL",How AI sources can increase openness to opposing views,https://news.google.com/read/CBMiX0FVX3lxTE9RemdCMEJ6RkpCOW9xN2RTclFuREJMdHZQQzctdWdaeUxHUjBSVW0tVzdoajFzQXo0MWZhWUVvd09Ec2tjU0dBcENvNGNZSmlaZzhRblpVRFRTLVFaN0Nv?hl=en-US&gl=US&ceid=US%3Aen
2025-05-17T19:49:51.740739,18 hours ago,2 Artificial Intelligence (AI) Stocks I'm Buying If the Market Crashes,2025-05-18T13:49:51.739894,"https://encrypted-tbn2.gstatic.com/faviconV2?url=https://www.fool.com&client=NEWS_360&size=96&type=FAVICON&fallback_opts=TYPE,SIZE,URL",2 Artificial Intelligence (AI) Stocks I'm Buying If the Market Crashes,https://news.google.com/read/CBMiigFBVV95cUxQU1E2VFJQNTR5TUROMHlaLUotcW5tLTdtWXk3d1lIM1N3SjIxOUtFZGpqZGxjSWg3QzdxVlJCZFNVeGVlQTVXQ1RBTG91d2hrM0EwWGJZYnZ3aVlsQUVBV2NyZ01lczYzOUNybG01RHk5aGFYcjdhS3dxRHpRUUQ1dklIRFk3ZVAzS0E?hl=en-US&gl=US&ceid=US%3Aen
2025-05-17T17:49:51.741782,20 hours ago,"GeekWire Podcast: Box CEO Aaron Levie on AI agents, enterprise data, and the future of work",2025-05-18T13:49:51.740739,"https://encrypted-tbn0.gstatic.com/faviconV2?url=https://www.geekwire.com&client=NEWS_360&size=96&type=FAVICON&fallback_opts=TYPE,SIZE,URL","GeekWire Podcast: Box CEO Aaron Levie on AI agents, enterprise data, and the future of work",https://news.google.com/read/CBMiuwFBVV95cUxNZmZfYWhmZDRPckNocGwzN2VzTVVsQUxxVzE4RVJhUU5CZU94MmZtVXc4RjVjOEZWYzlENWdNeU9PeE45RVJ4bktKWC1RZE9ES3poWkI1RElFRTVRZ1dES3lGOTkwWUswdy1Mc09nQVRVTnFIcUhWVFpyNTVxQ0wwZzl1TVlXSzFzWG9Jam5Vbi1BZzNYV1haTmx6bGxGdGtoSlhISXdRaEhSd096UDI2Ym1vWE5YYWFsV1Zn?hl=en-US&gl=US&ceid=US%3Aen
2025-05-18T08:49:51.741782,5 hours ago,Here‚Äôs how Next Insurance is using AI to amplify what great HR can be,2025-05-18T13:49:51.741782,"https://encrypted-tbn0.gstatic.com/faviconV2?url=https://www.calcalistech.com&client=NEWS_360&size=96&type=FAVICON&fallback_opts=TYPE,SIZE,URL",Here‚Äôs how Next Insurance is using AI to amplify what great HR can be,https://news.google.com/read/CBMiaEFVX3lxTE1qTVVMc0xPQ3I1ZmpFSVVHM056OGtLZ2hPUHdxMzFyZFU5bnROMjlvaGVBajc4R0ZTZnRRT1pDNkE1Y0YyQ3pUOUFCLXRKMEpsalNKVm8zUzlaLUJncjBJVUlSZEtXajdQ?hl=en-US&gl=US&ceid=US%3Aen
