published_datetime,published_time,publisher,scraped_at,thumbnail_url
2025-05-18T08:40:53.231538,5 hours ago,Elton John brands government 'absolute losers' over AI copyright plans,2025-05-18T13:40:53.230604,"https://encrypted-tbn2.gstatic.com/faviconV2?url=https://www.bbc.com&client=NEWS_360&size=96&type=FAVICON&fallback_opts=TYPE,SIZE,URL"
Yesterday,Yesterday,Apple’s Alibaba A.I. Deal Provokes Washington’s Resistance,2025-05-18T13:40:53.232667,"https://encrypted-tbn2.gstatic.com/faviconV2?url=https://www.nytimes.com&client=NEWS_360&size=96&type=FAVICON&fallback_opts=TYPE,SIZE,URL"
Yesterday,Yesterday,Trump administration is concerned by deal to put Alibaba's AI on iPhones: Report,2025-05-18T13:40:53.234438,"https://encrypted-tbn3.gstatic.com/faviconV2?url=https://m.economictimes.com&client=NEWS_360&size=96&type=FAVICON&fallback_opts=TYPE,SIZE,URL"
2025-05-16T13:40:53.237389,2 days ago,Big Chinese companies like Alibaba show that AI-powered ads are giving shopping a boost,2025-05-18T13:40:53.236388,"https://encrypted-tbn0.gstatic.com/faviconV2?url=https://www.cnbc.com&client=NEWS_360&size=96&type=FAVICON&fallback_opts=TYPE,SIZE,URL"
2025-05-18T13:03:53.239387,37 minutes ago,AI study finds 'no significant impact on earnings or recorded hours',2025-05-18T13:40:53.238388,"https://encrypted-tbn3.gstatic.com/faviconV2?url=https://fortune.com&client=NEWS_360&size=96&type=FAVICON&fallback_opts=TYPE,SIZE,URL"
2025-05-16T13:40:53.240387,2 days ago,MIT Says It No Longer Stands Behind Student’s AI Research Paper,2025-05-18T13:40:53.239387,"https://encrypted-tbn1.gstatic.com/faviconV2?url=https://www.wsj.com&client=NEWS_360&size=96&type=FAVICON&fallback_opts=TYPE,SIZE,URL"
2025-05-18T11:40:53.241387,2 hours ago,AI breakthrough allows doctors to 'see' dangerous blood clots forming,2025-05-18T13:40:53.240387,"https://encrypted-tbn3.gstatic.com/faviconV2?url=https://www.foxnews.com&client=NEWS_360&size=96&type=FAVICON&fallback_opts=TYPE,SIZE,URL"
2025-05-16T13:40:53.242387,2 days ago,"House Republicans include a 10-year ban on US states regulating AI in ‘big, beautiful’ bill",2025-05-18T13:40:53.241387,"https://encrypted-tbn2.gstatic.com/faviconV2?url=https://apnews.com&client=NEWS_360&size=96&type=FAVICON&fallback_opts=TYPE,SIZE,URL"
2025-05-17T15:40:53.243386,22 hours ago,China’s next-gen surveillance tools get AI boost to target Telegram or VPN users,2025-05-18T13:40:53.242387,"https://encrypted-tbn1.gstatic.com/faviconV2?url=https://www.scmp.com&client=NEWS_360&size=96&type=FAVICON&fallback_opts=TYPE,SIZE,URL"
2025-05-18T07:40:53.245387,6 hours ago,"Microsoft's fired AI director to 6,000 laid off employees along with her: 'These are people who…'",2025-05-18T13:40:53.244386,"https://encrypted-tbn2.gstatic.com/faviconV2?url=https://timesofindia.indiatimes.com&client=NEWS_360&size=96&type=FAVICON&fallback_opts=TYPE,SIZE,URL"
2025-05-17T15:40:53.246389,22 hours ago,"Nvidia CEO: If I were a student today, here's how I'd use AI to do my job better—it ‘doesn’t matter’ the profession",2025-05-18T13:40:53.246389,"https://encrypted-tbn0.gstatic.com/faviconV2?url=https://www.cnbc.com&client=NEWS_360&size=96&type=FAVICON&fallback_opts=TYPE,SIZE,URL"
Yesterday,Yesterday,Nvidia CEO Sees No Evidence of AI Chip Diversion Into China,2025-05-18T13:40:53.247579,"https://encrypted-tbn1.gstatic.com/faviconV2?url=https://www.bloomberg.com&client=NEWS_360&size=96&type=FAVICON&fallback_opts=TYPE,SIZE,URL"
2025-05-18T05:40:53.249584,8 hours ago,Former Google CEO Eric Schmidt may have just agreed with ‘AI warning’ of Nvidia’s Jensen Huang,2025-05-18T13:40:53.248612,"https://encrypted-tbn2.gstatic.com/faviconV2?url=https://timesofindia.indiatimes.com&client=NEWS_360&size=96&type=FAVICON&fallback_opts=TYPE,SIZE,URL"
2025-05-15T13:40:53.250541,3 days ago,Exclusive | Meta Is Delaying the Rollout of Its Flagship AI Model,2025-05-18T13:40:53.250541,"https://encrypted-tbn1.gstatic.com/faviconV2?url=https://www.wsj.com&client=NEWS_360&size=96&type=FAVICON&fallback_opts=TYPE,SIZE,URL"
Yesterday,Yesterday,"Nvidia gets an AI boost, Meta hits a AI roadblock, and Apple's brutal year: Tech news roundup",2025-05-18T13:40:53.251527,"https://encrypted-tbn2.gstatic.com/faviconV2?url=https://qz.com&client=NEWS_360&size=96&type=FAVICON&fallback_opts=TYPE,SIZE,URL"
2025-05-15T13:40:53.253591,3 days ago,Meta Shares Slip on Report That It’s Delaying Flagship AI Model,2025-05-18T13:40:53.252614,"https://encrypted-tbn1.gstatic.com/faviconV2?url=https://www.bloomberg.com&client=NEWS_360&size=96&type=FAVICON&fallback_opts=TYPE,SIZE,URL"
2025-05-16T13:40:53.255387,2 days ago,Californians would lose AI protections under bill advancing in Congress,2025-05-18T13:40:53.253591,"https://encrypted-tbn1.gstatic.com/faviconV2?url=https://calmatters.org&client=NEWS_360&size=96&type=FAVICON&fallback_opts=TYPE,SIZE,URL"
2025-05-17T21:40:53.256387,16 hours ago,MIT disavows doctoral student paper on AI’s productivity benefits,2025-05-18T13:40:53.256387,"https://encrypted-tbn1.gstatic.com/faviconV2?url=https://techcrunch.com&client=NEWS_360&size=96&type=FAVICON&fallback_opts=TYPE,SIZE,URL"
2025-05-15T13:40:53.257387,3 days ago,Meta to Train AI on E.U. User Data From May 27 Without Consent; Noyb Threatens Lawsuit,2025-05-18T13:40:53.257387,"https://encrypted-tbn3.gstatic.com/faviconV2?url=https://thehackernews.com&client=NEWS_360&size=96&type=FAVICON&fallback_opts=TYPE,SIZE,URL"
2025-05-14T13:40:53.259389,4 days ago,Stony Brook Medicine Pioneers Use of AI Technology for Heart Disease Diagnosis on Long Island,2025-05-18T13:40:53.258387,"https://encrypted-tbn1.gstatic.com/faviconV2?url=https://news.stonybrook.edu&client=NEWS_360&size=96&type=FAVICON&fallback_opts=TYPE,SIZE,URL"
2025-05-17T19:40:53.260388,18 hours ago,AI Daily: Nvidia says not sending GPU designs to China,2025-05-18T13:40:53.259389,"https://encrypted-tbn1.gstatic.com/faviconV2?url=https://finance.yahoo.com&client=NEWS_360&size=96&type=FAVICON&fallback_opts=TYPE,SIZE,URL"
2025-05-18T12:40:53.261386,1 hour ago,Elton John says UK government being ‘absolute losers’ over AI copyright plans,2025-05-18T13:40:53.260388,"https://encrypted-tbn0.gstatic.com/faviconV2?url=https://www.theguardian.com&client=NEWS_360&size=96&type=FAVICON&fallback_opts=TYPE,SIZE,URL"
Yesterday,Yesterday,What Is Lost with the Rise of AI,2025-05-18T13:40:53.261386,"https://encrypted-tbn1.gstatic.com/faviconV2?url=https://evolutionnews.org&client=NEWS_360&size=96&type=FAVICON&fallback_opts=TYPE,SIZE,URL"
2025-05-17T19:40:53.263386,18 hours ago,"US slams brakes on AI Diffusion Rule, hardens chip export curbs",2025-05-18T13:40:53.262387,"https://encrypted-tbn1.gstatic.com/faviconV2?url=https://www.artificialintelligence-news.com&client=NEWS_360&size=96&type=FAVICON&fallback_opts=TYPE,SIZE,URL"
2025-05-15T13:40:53.266396,3 days ago,Google hits 150 million users for subscription service with help of AI,2025-05-18T13:40:53.264386,"https://encrypted-tbn2.gstatic.com/faviconV2?url=https://www.reuters.com&client=NEWS_360&size=96&type=FAVICON&fallback_opts=TYPE,SIZE,URL"
2025-05-16T13:40:53.267388,2 days ago,Trump's AI deals in Gulf stir China fears back home,2025-05-18T13:40:53.267388,"https://encrypted-tbn0.gstatic.com/faviconV2?url=https://www.axios.com&client=NEWS_360&size=96&type=FAVICON&fallback_opts=TYPE,SIZE,URL"
2025-05-15T13:40:53.269387,3 days ago,"China launches first of 2,800 satellites for AI space computing constellation",2025-05-18T13:40:53.268388,"https://encrypted-tbn1.gstatic.com/faviconV2?url=https://spacenews.com&client=NEWS_360&size=96&type=FAVICON&fallback_opts=TYPE,SIZE,URL"
2025-05-18T12:40:53.270394,1 hour ago,Sir Elton John 'very angry' over AI plans,2025-05-18T13:40:53.269387,"https://encrypted-tbn2.gstatic.com/faviconV2?url=https://www.bbc.com&client=NEWS_360&size=96&type=FAVICON&fallback_opts=TYPE,SIZE,URL"
2025-05-16T13:40:53.271388,2 days ago,"Weeks after Amazon's Alexa+ AI launch, a mystery: where are the users?",2025-05-18T13:40:53.270394,"https://encrypted-tbn2.gstatic.com/faviconV2?url=https://www.reuters.com&client=NEWS_360&size=96&type=FAVICON&fallback_opts=TYPE,SIZE,URL"
Yesterday,Yesterday,Elon Musk's AI company says Grok chatbot focus on South Africa's racial politics was 'unauthorized',2025-05-18T13:40:53.272390,"https://encrypted-tbn2.gstatic.com/faviconV2?url=https://apnews.com&client=NEWS_360&size=96&type=FAVICON&fallback_opts=TYPE,SIZE,URL"
2025-05-18T13:04:53.274387,36 minutes ago,Oracle (ORCL) Launches New AI Health Agent in Canada,2025-05-18T13:40:53.273389,"https://encrypted-tbn1.gstatic.com/faviconV2?url=https://finance.yahoo.com&client=NEWS_360&size=96&type=FAVICON&fallback_opts=TYPE,SIZE,URL"
2025-05-16T13:40:53.276416,2 days ago,Elon Musk’s chatbot just showed why AI regulation is an urgent necessity,2025-05-18T13:40:53.275387,"https://encrypted-tbn3.gstatic.com/faviconV2?url=https://www.msnbc.com&client=NEWS_360&size=96&type=FAVICON&fallback_opts=TYPE,SIZE,URL"
2025-05-18T12:50:53.277623,50 minutes ago,Bill Gates names three well-paying jobs that are safe from AI,2025-05-18T13:40:53.276416,"https://encrypted-tbn2.gstatic.com/faviconV2?url=https://www.irishstar.com&client=NEWS_360&size=96&type=FAVICON&fallback_opts=TYPE,SIZE,URL"
2025-05-14T13:40:53.278582,4 days ago,Republicans propose prohibiting US states from regulating AI for 10 years,2025-05-18T13:40:53.278582,"https://encrypted-tbn0.gstatic.com/faviconV2?url=https://www.theguardian.com&client=NEWS_360&size=96&type=FAVICON&fallback_opts=TYPE,SIZE,URL"
2025-05-16T13:40:53.279603,2 days ago,"Oracle, Cleveland Clinic, and G42 Announce Strategic Partnership to Launch AI-Based Global Healthcare Delivery Platform",2025-05-18T13:40:53.279603,"https://encrypted-tbn1.gstatic.com/faviconV2?url=https://www.oracle.com&client=NEWS_360&size=96&type=FAVICON&fallback_opts=TYPE,SIZE,URL"
Yesterday,Yesterday,Microsoft says it provided AI to Israeli military for war but denies use to harm people in Gaza,2025-05-18T13:40:53.280599,"https://encrypted-tbn2.gstatic.com/faviconV2?url=https://apnews.com&client=NEWS_360&size=96&type=FAVICON&fallback_opts=TYPE,SIZE,URL"
2025-05-15T13:40:53.282612,3 days ago,"New AI and accessibility updates across Android, Chrome and more",2025-05-18T13:40:53.281509,"https://encrypted-tbn1.gstatic.com/faviconV2?url=https://blog.google&client=NEWS_360&size=96&type=FAVICON&fallback_opts=TYPE,SIZE,URL"
2025-05-16T13:40:53.283529,2 days ago,"US and UAE plan to build 5GW AI data center campus, run by G42 and American hyperscalers",2025-05-18T13:40:53.282612,"https://encrypted-tbn0.gstatic.com/faviconV2?url=https://www.datacenterdynamics.com&client=NEWS_360&size=96&type=FAVICON&fallback_opts=TYPE,SIZE,URL"
2025-05-16T13:40:53.285388,2 days ago,Trump agrees deal for UAE to build largest AI campus outside US,2025-05-18T13:40:53.283529,"https://encrypted-tbn0.gstatic.com/faviconV2?url=https://www.theguardian.com&client=NEWS_360&size=96&type=FAVICON&fallback_opts=TYPE,SIZE,URL"
2025-05-18T13:10:53.287388,30 minutes ago,'Criminal': Elton John condemns UK's AI copyright plans,2025-05-18T13:40:53.286387,"https://encrypted-tbn0.gstatic.com/faviconV2?url=https://www.tradingview.com&client=NEWS_360&size=96&type=FAVICON&fallback_opts=TYPE,SIZE,URL"
2025-05-15T13:40:53.288387,3 days ago,"UAE to build biggest AI campus outside US in Trump deal, bypassing past China worries",2025-05-18T13:40:53.287388,"https://encrypted-tbn2.gstatic.com/faviconV2?url=https://www.reuters.com&client=NEWS_360&size=96&type=FAVICON&fallback_opts=TYPE,SIZE,URL"
2025-05-16T13:40:53.289388,2 days ago,Trump wraps up Gulf tour with AI and energy deals in UAE,2025-05-18T13:40:53.289388,"https://encrypted-tbn2.gstatic.com/faviconV2?url=https://www.reuters.com&client=NEWS_360&size=96&type=FAVICON&fallback_opts=TYPE,SIZE,URL"
2025-05-18T06:40:53.291387,7 hours ago,It pays to use AI on the sly at work,2025-05-18T13:40:53.290387,"https://encrypted-tbn2.gstatic.com/faviconV2?url=https://www.ft.com&client=NEWS_360&size=96&type=FAVICON&fallback_opts=TYPE,SIZE,URL"
2025-05-16T13:40:53.292391,2 days ago,Watch: World leaders laugh at AI-generated video of themselves as babies,2025-05-18T13:40:53.291387,"https://encrypted-tbn3.gstatic.com/faviconV2?url=https://edition.cnn.com&client=NEWS_360&size=96&type=FAVICON&fallback_opts=TYPE,SIZE,URL"
2025-05-13T13:40:53.293386,5 days ago,Inside the first U.S. medical school to fully incorporate AI into its doctor training program,2025-05-18T13:40:53.292391,"https://encrypted-tbn0.gstatic.com/faviconV2?url=https://www.cbsnews.com&client=NEWS_360&size=96&type=FAVICON&fallback_opts=TYPE,SIZE,URL"
2025-05-17T15:40:53.294387,22 hours ago,"AI models can't tell time or read a calendar, study reveals",2025-05-18T13:40:53.293386,"https://encrypted-tbn2.gstatic.com/faviconV2?url=https://www.livescience.com&client=NEWS_360&size=96&type=FAVICON&fallback_opts=TYPE,SIZE,URL"
2025-05-15T13:40:53.296410,3 days ago,"With AI, researchers predict the location of virtually any protein within a human cell",2025-05-18T13:40:53.295388,"https://encrypted-tbn0.gstatic.com/faviconV2?url=https://news.mit.edu&client=NEWS_360&size=96&type=FAVICON&fallback_opts=TYPE,SIZE,URL"
2025-05-17T15:40:53.297537,22 hours ago,Nvidia-backed CoreWeave soars 100% since IPO as investors see AI demand outweighing 'risky' business model,2025-05-18T13:40:53.297537,"https://encrypted-tbn1.gstatic.com/faviconV2?url=https://finance.yahoo.com&client=NEWS_360&size=96&type=FAVICON&fallback_opts=TYPE,SIZE,URL"
2025-05-18T06:40:53.298606,7 hours ago,What do AI chatbots say about their own bosses — and their rivals?,2025-05-18T13:40:53.298606,"https://encrypted-tbn2.gstatic.com/faviconV2?url=https://www.ft.com&client=NEWS_360&size=96&type=FAVICON&fallback_opts=TYPE,SIZE,URL"
2025-05-14T13:40:53.300590,4 days ago,Your A.I. Radiologist Will Not Be With You Soon,2025-05-18T13:40:53.299587,"https://encrypted-tbn2.gstatic.com/faviconV2?url=https://www.nytimes.com&client=NEWS_360&size=96&type=FAVICON&fallback_opts=TYPE,SIZE,URL"
2025-05-14T13:40:53.301593,4 days ago,Become a certified Generative AI Leader with a first-of-its-kind credential from Google Cloud.,2025-05-18T13:40:53.300590,"https://encrypted-tbn1.gstatic.com/faviconV2?url=https://blog.google&client=NEWS_360&size=96&type=FAVICON&fallback_opts=TYPE,SIZE,URL"
2025-05-17T17:40:53.302595,20 hours ago,AI Chatbots Mirror a Human Brain Disorder,2025-05-18T13:40:53.301593,"https://encrypted-tbn2.gstatic.com/faviconV2?url=https://neurosciencenews.com&client=NEWS_360&size=96&type=FAVICON&fallback_opts=TYPE,SIZE,URL"
2025-05-15T13:40:53.304592,3 days ago,"Microsoft’s CEO on How AI Will Remake Every Company, Including His",2025-05-18T13:40:53.303596,"https://encrypted-tbn1.gstatic.com/faviconV2?url=https://www.bloomberg.com&client=NEWS_360&size=96&type=FAVICON&fallback_opts=TYPE,SIZE,URL"
2025-05-17T19:40:53.306389,18 hours ago,2 Artificial Intelligence (AI) Stocks I'm Buying If the Market Crashes,2025-05-18T13:40:53.304592,"https://encrypted-tbn2.gstatic.com/faviconV2?url=https://www.fool.com&client=NEWS_360&size=96&type=FAVICON&fallback_opts=TYPE,SIZE,URL"
2025-05-16T13:40:53.307632,2 days ago,"AI Discovers Suspected Trigger of Alzheimer's, And Maybe a Treatment",2025-05-18T13:40:53.306389,"https://encrypted-tbn2.gstatic.com/faviconV2?url=https://www.sciencealert.com&client=NEWS_360&size=96&type=FAVICON&fallback_opts=TYPE,SIZE,URL"
2025-05-17T20:40:53.308582,17 hours ago,Gemini AI Will Soon Power In-Car Android Auto,2025-05-18T13:40:53.307632,"https://encrypted-tbn3.gstatic.com/faviconV2?url=https://www.autoblog.com&client=NEWS_360&size=96&type=FAVICON&fallback_opts=TYPE,SIZE,URL"
2025-05-15T13:40:53.309522,3 days ago,Why was Elon Musk’s AI chatbot Grok preoccupied with South Africa’s racial politics?,2025-05-18T13:40:53.309522,"https://encrypted-tbn2.gstatic.com/faviconV2?url=https://apnews.com&client=NEWS_360&size=96&type=FAVICON&fallback_opts=TYPE,SIZE,URL"
2025-05-16T13:40:53.311570,2 days ago,America’s AI future hinges on nuclear energy,2025-05-18T13:40:53.310558,"https://encrypted-tbn2.gstatic.com/faviconV2?url=https://www.utilitydive.com&client=NEWS_360&size=96&type=FAVICON&fallback_opts=TYPE,SIZE,URL"
2025-05-17T21:40:53.312449,16 hours ago,MIT Backs Away From Paper Claiming Scientists Make More Discoveries with AI,2025-05-18T13:40:53.311570,"https://encrypted-tbn1.gstatic.com/faviconV2?url=https://gizmodo.com&client=NEWS_360&size=96&type=FAVICON&fallback_opts=TYPE,SIZE,URL"
2025-05-16T13:40:53.313478,2 days ago,UAE partners with Italian startup for AI supercomputer,2025-05-18T13:40:53.313478,"https://encrypted-tbn2.gstatic.com/faviconV2?url=https://www.reuters.com&client=NEWS_360&size=96&type=FAVICON&fallback_opts=TYPE,SIZE,URL"
2025-05-14T13:40:53.316387,4 days ago,"US tech firms Nvidia, AMD secure AI deals as Trump tours Gulf states",2025-05-18T13:40:53.314622,"https://encrypted-tbn2.gstatic.com/faviconV2?url=https://www.reuters.com&client=NEWS_360&size=96&type=FAVICON&fallback_opts=TYPE,SIZE,URL"
2025-05-16T13:40:53.317387,2 days ago,"Trump announces $200 billion in deals during UAE visit, AI agreement signed",2025-05-18T13:40:53.316387,"https://encrypted-tbn2.gstatic.com/faviconV2?url=https://www.reuters.com&client=NEWS_360&size=96&type=FAVICON&fallback_opts=TYPE,SIZE,URL"
Yesterday,Yesterday,Republicans seek new oversight of online speech while boosting AI,2025-05-18T13:40:53.317387,"https://encrypted-tbn1.gstatic.com/faviconV2?url=https://www.nbcnews.com&client=NEWS_360&size=96&type=FAVICON&fallback_opts=TYPE,SIZE,URL"
2025-05-14T13:40:53.319595,4 days ago,"Nvidia to send 18,000 AI chips to Saudi Arabia",2025-05-18T13:40:53.318575,"https://encrypted-tbn2.gstatic.com/faviconV2?url=https://apnews.com&client=NEWS_360&size=96&type=FAVICON&fallback_opts=TYPE,SIZE,URL"
2025-05-16T13:40:53.320589,2 days ago,Elon Musk’s AI firm blames unauthorised change for chatbot’s rant about ‘white genocide’ | Artificial intelligence (AI),2025-05-18T13:40:53.319595,"https://encrypted-tbn0.gstatic.com/faviconV2?url=https://www.theguardian.com&client=NEWS_360&size=96&type=FAVICON&fallback_opts=TYPE,SIZE,URL"
2025-05-17T14:40:53.322596,23 hours ago,Fox News AI Newsletter: Teacher's tech tell-all goes viral,2025-05-18T13:40:53.321618,"https://encrypted-tbn3.gstatic.com/faviconV2?url=https://www.foxnews.com&client=NEWS_360&size=96&type=FAVICON&fallback_opts=TYPE,SIZE,URL"
2025-05-17T19:40:53.323603,18 hours ago,Brad Carson reflects on legacy at TU and looks ahead to AI leadership role in Washington,2025-05-18T13:40:53.322596,"https://encrypted-tbn3.gstatic.com/faviconV2?url=https://www.newson6.com&client=NEWS_360&size=96&type=FAVICON&fallback_opts=TYPE,SIZE,URL"
2025-05-15T13:40:53.324597,3 days ago,Amazon and Nvidia are going all in on healthcare AI. Here's why.,2025-05-18T13:40:53.323603,"https://encrypted-tbn3.gstatic.com/faviconV2?url=https://www.businessinsider.com&client=NEWS_360&size=96&type=FAVICON&fallback_opts=TYPE,SIZE,URL"
Yesterday,Yesterday,Anthropic Snags $2.5 Billion Credit Line as AI Demand Rises,2025-05-18T13:40:53.326388,"https://encrypted-tbn3.gstatic.com/faviconV2?url=https://www.pymnts.com&client=NEWS_360&size=96&type=FAVICON&fallback_opts=TYPE,SIZE,URL"
Yesterday,Yesterday,"Google is readying its AI Mode search tool for primetime, whether you like it or not",2025-05-18T13:40:53.327388,"https://encrypted-tbn0.gstatic.com/faviconV2?url=https://mashable.com&client=NEWS_360&size=96&type=FAVICON&fallback_opts=TYPE,SIZE,URL"
2025-05-17T14:40:53.330552,23 hours ago,The Oregonian Is Using AI to Draft Stories,2025-05-18T13:40:53.329563,"https://encrypted-tbn0.gstatic.com/faviconV2?url=https://www.wweek.com&client=NEWS_360&size=96&type=FAVICON&fallback_opts=TYPE,SIZE,URL"
2025-05-16T13:40:53.331611,2 days ago,"OpenAI launches Codex, an AI coding agent, in ChatGPT",2025-05-18T13:40:53.330552,"https://encrypted-tbn1.gstatic.com/faviconV2?url=https://techcrunch.com&client=NEWS_360&size=96&type=FAVICON&fallback_opts=TYPE,SIZE,URL"
2025-05-18T09:40:53.332585,4 hours ago,A100x Launches $50 Million Fund for AI and Blockchain Startups,2025-05-18T13:40:53.331611,"https://encrypted-tbn3.gstatic.com/faviconV2?url=https://www.binance.com&client=NEWS_360&size=96&type=FAVICON&fallback_opts=TYPE,SIZE,URL"
2025-05-15T13:40:53.333598,3 days ago,AI’s Spontaneously Develop Social Norms Like Humans,2025-05-18T13:40:53.332585,"https://encrypted-tbn2.gstatic.com/faviconV2?url=https://neurosciencenews.com&client=NEWS_360&size=96&type=FAVICON&fallback_opts=TYPE,SIZE,URL"
2025-05-13T13:40:53.335388,5 days ago,Noncoders are using AI to prompt their ideas into reality. They call it 'vibe coding.',2025-05-18T13:40:53.333598,"https://encrypted-tbn1.gstatic.com/faviconV2?url=https://www.nbcnews.com&client=NEWS_360&size=96&type=FAVICON&fallback_opts=TYPE,SIZE,URL"
2025-05-14T13:40:53.336432,4 days ago,Trump administration's next wave of China AI chip export rules are yet another obstacle for Nvidia,2025-05-18T13:40:53.336432,"https://encrypted-tbn0.gstatic.com/faviconV2?url=https://www.cnbc.com&client=NEWS_360&size=96&type=FAVICON&fallback_opts=TYPE,SIZE,URL"
2025-05-16T13:40:53.337414,2 days ago,"CoreWeave pops almost 60% this week on AI growth momentum, big Nvidia stake",2025-05-18T13:40:53.337414,"https://encrypted-tbn0.gstatic.com/faviconV2?url=https://www.cnbc.com&client=NEWS_360&size=96&type=FAVICON&fallback_opts=TYPE,SIZE,URL"
2025-05-18T04:40:53.339530,9 hours ago,News Corp introduces mandatory AI 'bootcamps' for journalists,2025-05-18T13:40:53.338632,"https://encrypted-tbn1.gstatic.com/faviconV2?url=https://www.capitalbrief.com&client=NEWS_360&size=96&type=FAVICON&fallback_opts=TYPE,SIZE,URL"
2025-05-15T13:40:53.340608,3 days ago,Elon Musk's AI chatbot Grok brings up South African 'white genocide' claims in responses to unrelated questions,2025-05-18T13:40:53.339530,"https://encrypted-tbn1.gstatic.com/faviconV2?url=https://www.nbcnews.com&client=NEWS_360&size=96&type=FAVICON&fallback_opts=TYPE,SIZE,URL"
2025-05-16T13:40:53.341597,2 days ago,Air Force launches AI Center of Excellence to speed up AI adoption,2025-05-18T13:40:53.340608,"https://encrypted-tbn0.gstatic.com/faviconV2?url=https://federalnewsnetwork.com&client=NEWS_360&size=96&type=FAVICON&fallback_opts=TYPE,SIZE,URL"
2025-05-16T13:40:53.342585,2 days ago,Nvidia stock notches 16% weekly gain as trade news boosts AI chipmaker,2025-05-18T13:40:53.341597,"https://encrypted-tbn1.gstatic.com/faviconV2?url=https://finance.yahoo.com&client=NEWS_360&size=96&type=FAVICON&fallback_opts=TYPE,SIZE,URL"
2025-05-13T13:40:53.343388,5 days ago,DeepSeek’s ‘Tech Madman’ Founder Is Threatening US Dominance in AI Race,2025-05-18T13:40:53.342585,"https://encrypted-tbn1.gstatic.com/faviconV2?url=https://www.bloomberg.com&client=NEWS_360&size=96&type=FAVICON&fallback_opts=TYPE,SIZE,URL"
2025-05-16T13:40:53.345386,2 days ago,"UK needs more nuclear to power AI, says Amazon Web Services boss",2025-05-18T13:40:53.344388,"https://encrypted-tbn2.gstatic.com/faviconV2?url=https://www.bbc.com&client=NEWS_360&size=96&type=FAVICON&fallback_opts=TYPE,SIZE,URL"
2025-05-17T15:40:53.346406,22 hours ago,Trump wants coal to power AI data centers. The tech industry may need to make peace with that for now,2025-05-18T13:40:53.346406,"https://encrypted-tbn0.gstatic.com/faviconV2?url=https://www.cnbc.com&client=NEWS_360&size=96&type=FAVICON&fallback_opts=TYPE,SIZE,URL"
2025-05-14T13:40:53.347399,4 days ago,Judge slams lawyers for ‘bogus AI-generated research’,2025-05-18T13:40:53.347399,"https://encrypted-tbn2.gstatic.com/faviconV2?url=https://www.theverge.com&client=NEWS_360&size=96&type=FAVICON&fallback_opts=TYPE,SIZE,URL"
2025-05-16T13:40:53.349578,2 days ago,"From Google to Expedia, AI travel agents planning future trip far beyond 'assistant' status",2025-05-18T13:40:53.348642,"https://encrypted-tbn0.gstatic.com/faviconV2?url=https://www.cnbc.com&client=NEWS_360&size=96&type=FAVICON&fallback_opts=TYPE,SIZE,URL"
2025-05-18T09:40:53.350597,4 hours ago,‘World champion of appropriation’ Grayson Perry says he isn’t bothered by AI using his work,2025-05-18T13:40:53.349578,"https://encrypted-tbn0.gstatic.com/faviconV2?url=https://www.theguardian.com&client=NEWS_360&size=96&type=FAVICON&fallback_opts=TYPE,SIZE,URL"
2025-05-13T13:40:53.351585,5 days ago,AWS and HUMAIN announce a more than $5B investment to accelerate AI adoption in Saudi Arabia and globally,2025-05-18T13:40:53.350597,"https://encrypted-tbn0.gstatic.com/faviconV2?url=https://www.aboutamazon.com&client=NEWS_360&size=96&type=FAVICON&fallback_opts=TYPE,SIZE,URL"
Yesterday,Yesterday,Workshop aims to help Owensboro small businesses embrace AI for content creation,2025-05-18T13:40:53.351585,"https://encrypted-tbn0.gstatic.com/faviconV2?url=https://www.owensborotimes.com&client=NEWS_360&size=96&type=FAVICON&fallback_opts=TYPE,SIZE,URL"
2025-05-15T13:40:53.353591,3 days ago,The Arm Evolution: From IP to Platform for the AI Era,2025-05-18T13:40:53.352599,"https://encrypted-tbn1.gstatic.com/faviconV2?url=https://newsroom.arm.com&client=NEWS_360&size=96&type=FAVICON&fallback_opts=TYPE,SIZE,URL"
2025-05-16T13:40:53.355395,2 days ago,New agentic AI tools bring new threat: agent sprawl,2025-05-18T13:40:53.353591,"https://encrypted-tbn2.gstatic.com/faviconV2?url=https://www.cio.com&client=NEWS_360&size=96&type=FAVICON&fallback_opts=TYPE,SIZE,URL"
Yesterday,Yesterday,Walmart Prepares for a Future Where AI Shops for Consumers,2025-05-18T13:40:53.355395,"https://encrypted-tbn3.gstatic.com/faviconV2?url=https://www.pymnts.com&client=NEWS_360&size=96&type=FAVICON&fallback_opts=TYPE,SIZE,URL"
2025-05-14T13:40:53.357387,4 days ago,YouTube announces Gemini AI feature to target ads when viewers are most engaged,2025-05-18T13:40:53.357387,"https://encrypted-tbn0.gstatic.com/faviconV2?url=https://www.cnbc.com&client=NEWS_360&size=96&type=FAVICON&fallback_opts=TYPE,SIZE,URL"
2025-05-15T13:40:53.359388,3 days ago,AI firm Cohere doubles annualized revenue to $100 million on enterprise focus,2025-05-18T13:40:53.358387,"https://encrypted-tbn2.gstatic.com/faviconV2?url=https://www.reuters.com&client=NEWS_360&size=96&type=FAVICON&fallback_opts=TYPE,SIZE,URL"
2025-05-16T13:40:53.361415,2 days ago,AI regulation ban meets opposition from state attorneys general over risks to US consumers,2025-05-18T13:40:53.360414,"https://encrypted-tbn2.gstatic.com/faviconV2?url=https://www.reuters.com&client=NEWS_360&size=96&type=FAVICON&fallback_opts=TYPE,SIZE,URL"
2025-05-18T13:30:53.361415,10 minutes ago,AI Warning: ‘You won’t lose your job to AI. You’ll lose it to someone who knows how to use it.’,2025-05-18T13:40:53.361415,"https://encrypted-tbn3.gstatic.com/faviconV2?url=https://euroweeklynews.com&client=NEWS_360&size=96&type=FAVICON&fallback_opts=TYPE,SIZE,URL"
2025-05-16T13:40:53.363578,2 days ago,US and UAE collaborate on AI megaproject to boost regional innovation,2025-05-18T13:40:53.362638,"https://encrypted-tbn2.gstatic.com/faviconV2?url=https://www.cio.com&client=NEWS_360&size=96&type=FAVICON&fallback_opts=TYPE,SIZE,URL"
2025-05-17T22:40:53.364560,15 hours ago,Lightchain AI Mainnet Launch in July to Introduce Decentralized AI Marketplace,2025-05-18T13:40:53.363578,"https://encrypted-tbn2.gstatic.com/faviconV2?url=https://news.bitcoin.com&client=NEWS_360&size=96&type=FAVICON&fallback_opts=TYPE,SIZE,URL"
2025-05-16T13:40:53.366421,2 days ago,"Scarlett Johansson takes aim at companies using her likeness, voice in AI",2025-05-18T13:40:53.365388,"https://encrypted-tbn3.gstatic.com/faviconV2?url=https://www.foxnews.com&client=NEWS_360&size=96&type=FAVICON&fallback_opts=TYPE,SIZE,URL"
2025-05-16T13:40:53.367407,2 days ago,"U.S., UAE agree on path for Emirates to buy top American AI chips, Trump says",2025-05-18T13:40:53.366421,"https://encrypted-tbn0.gstatic.com/faviconV2?url=https://www.cnbc.com&client=NEWS_360&size=96&type=FAVICON&fallback_opts=TYPE,SIZE,URL"
2025-05-15T13:40:53.368520,3 days ago,White House announces AI data center campus partnership with the UAE,2025-05-18T13:40:53.367407,"https://encrypted-tbn0.gstatic.com/faviconV2?url=https://www.cnbc.com&client=NEWS_360&size=96&type=FAVICON&fallback_opts=TYPE,SIZE,URL"
Yesterday,Yesterday,El Paso lawmaker pushes for AI regulation to combat child exploitation,2025-05-18T13:40:53.368520,"https://encrypted-tbn0.gstatic.com/faviconV2?url=https://kfoxtv.com&client=NEWS_360&size=96&type=FAVICON&fallback_opts=TYPE,SIZE,URL"
2025-05-17T15:40:53.370585,22 hours ago,AI system can predict child malnutrition before it strikes,2025-05-18T13:40:53.370585,"https://encrypted-tbn1.gstatic.com/faviconV2?url=https://www.earth.com&client=NEWS_360&size=96&type=FAVICON&fallback_opts=TYPE,SIZE,URL"
2025-05-18T02:40:53.371520,11 hours ago,"Beyond Nvidia, Four Things to Know at Asia’s Biggest Tech Show",2025-05-18T13:40:53.371520,"https://encrypted-tbn1.gstatic.com/faviconV2?url=https://www.bloomberg.com&client=NEWS_360&size=96&type=FAVICON&fallback_opts=TYPE,SIZE,URL"
2025-05-14T13:40:53.373592,4 days ago,Trump administration rescinds curbs on AI chip exports to foreign markets,2025-05-18T13:40:53.372611,"https://encrypted-tbn2.gstatic.com/faviconV2?url=https://apnews.com&client=NEWS_360&size=96&type=FAVICON&fallback_opts=TYPE,SIZE,URL"
2025-05-16T13:40:53.377482,2 days ago,"WNBA monitoring fans, with AI, to crack down on 'hate speech' amid Caitlin Clark-Angel Reese rivalry renewal",2025-05-18T13:40:53.374387,"https://encrypted-tbn3.gstatic.com/faviconV2?url=https://www.foxnews.com&client=NEWS_360&size=96&type=FAVICON&fallback_opts=TYPE,SIZE,URL"
